openpagerank,openpagescore
1457185,4
4212,6
11112937,3
8990,6
146131,5
874,6
31258,5
4259015,3
9568,6
108644,5
2411,6
1270477,4
3911112,4
1456165,4
23605,5
43289,5
67636,5
0,0
3136279,4
1290871,4
72130,5
97495,5
11494,5
452552,4
1002447,4
163,7
29008,5
113772850,1
4197,6
1914594,4
15251,5
11128,5
34099,5
3,10
8664167,3
4,10
11909,5
369,7
19661364,3
10004,6
4888,6
12144,5
218073,5
13134,5
343906,5
35122,5
29742,5
3,10
15839,5
19672111,3
0,0
10108,6
3958016,4
1732694,4
767,6
25797293,2
1703835,4
19390,5
1120582,4
1403648,4
2663282,4
5347099,3
186694,5
1964385,4
631,6
1198626,4
10884541,3
2895092,4
16410,5
2850253,4
33545,5
1747,6
4,10
3087190,4
130421,5
530,6
11606,5
2539666,4
100483,5
13857,5
185554,5
19659980,3
192,7
8,10
29738,5
75,8
527,6
24901309,2
121863,5
3140133,4
12144,5
9304,6
4,10
10224,6
1429741,4
19431,5
31985424,2
9036,6
527,6
3268485,4
735,6
92219,5
21254962,3
48068,5
855633,4
8986,6
7639211,3
941,6
2368782,4
16594,5
222960,5
57,8
1122922,4
13857,5
76306,5
10955,5
530,6
5851241,3
13259,5
20384,5
62552,5
5175161,3
24459,5
2436749,4
4829164,3
343804,5
4744965,3
425,7
15800,5
15870932,3
1,10
23225,5
21630889,3
592,6
13330,5
19647,5
74637649,2
35827,5
205,7
111181,5
67841636,2
899,6
834,6
4437132,3
1872634,4
28054,5
160020,5
82870,5
36295,5
2278980,4
1262636,4
48061,5
25722097,2
10188,6
103974,5
428233,5
18312,5
1164122,4
47894,5
69988,5
36027835,2
527,6
6519582,3
52104,5
113,7
59038763,2
5,10
2640517,4
80,8
13048,5
38387,5
368657003,0
31334,5
156,7
220845,5
13003,5
15069155,3
11070,5
1513602,4
832954,4
10085,6
620336,4
413,7
3599542,4
528,6
47942,5
18927,5
275923,5
848,6
50,8
865047,4
4551,6
181,7
0,0
13257,5
335,7
24705,5
12764,5
19715,5
2624146,4
113,7
194351,5
17025,5
20125943,3
252371,5
70052,5
1511188,4
50295,5
17695,5
1881,6
113,7
376580274,0
166,7
11430,5
1191609,4
1838706,4
13156,5
1414,6
58280,5
19577,5
9782144,3
5138105,3
157385,5
527,6
46352,5
20854,5
732,6
232186,5
297,7
24705,5
14510,5
42190,5
0,0
24536746,2
69997,5
76547,5
14810,5
512,7
4709,6
716,6
7408151,3
2607870,4
1406103,4
13156,5
19854,5
18545726,3
19790,5
342,7
3841946,4
34947158,2
5188,6
615812,4
11838790,3
14661,5
46759874,2
198167,5
17384230,3
121,7
407047,5
24946,5
595,6
95036095,2
474,7
20172,5
3745584,4
9147902,3
617972,4
25465306,2
899,6
209,7
848,6
1845405,4
6335273,3
10315,6
10668177,3
2753882,4
27185,5
116716,5
18959919,3
19678,5
250574,5
118066,5
1623,6
322,7
850979,4
1157706,4
1875465,4
1352162,4
344,7
407197,5
21170275,3
8,10
4,10
63230,5
204,7
74363,5
527,6
482723,4
4437132,3
16010,5
2472,6
51839,5
439,7
2784602,4
527,6
16675,5
95720,5
366,7
44608,5
99277,5
4888,6
40055990,2
3301991,4
16331,5
2279033,4
176659,5
218038,5
1381831,4
364,7
1840406,4
52610150,2
35727,5
657,6
1219,6
6614161,3
4888,6
124025,5
68427931,2
235,7
1666434,4
27896,5
9166,6
2650,6
2041,6
421980,5
863356,4
15589034,3
1354748,4
13817,5
13896809,3
11346,5
97289,5
14810,5
4,10
0,0
3095439,4
16213821,3
10913,5
49373284,2
22561,5
181,7
343906,5
9952,6
4399,6
527,6
9053320,3
5176036,3
39641,5
476,7
80,8
357099,5
17731811,3
34584,5
1738,6
32447,5
27630,5
50,8
129177,5
1718,6
1876278,4
2082,6
25,9
200,7
4899,6
25,9
2023,6
129720,5
27898813,2
6152650,3
429805,5
28054,5
31211,5
4888,6
2197609,4
32579,5
10885,6
1425652,4
10003,6
79181,5
56590339,2
4333033,3
1355010,4
232186,5
111708,5
2145507,4
8,10
1214,6
60535941,2
50,8
227729,5
31777068,2
527,6
10091,6
1195210,4
45883,5
1381952,4
4888,6
1233992,4
1201763,4
13015,5
4,10
2358362,4
133,7
28419,5
2203104,4
4212,6
55,8
732,6
11118,5
58976,5
55673,5
66478,5
20296,5
21940689,3
11423,5
2676645,4
91247510,2
159440,5
23078,5
163809080,1
1220269,4
4553,6
4280517,3
162101,5
1461,6
16880,5
18296,5
1131286,4
831958,4
9244,6
36014,5
527,6
42832,5
52610150,2
1885,6
527,6
4,10
1543,6
350365,5
11514,5
14718807,3
74254,5
43232,5
527,6
1508900,4
1356360,4
71607284,2
68339,5
129981,5
527,6
1708461,4
28,8
17189,5
1,10
4352,6
527,6
72099,5
11669402,3
15224,5
93694,5
131765,5
2806825,4
3275763,4
88358,5
193002,5
120302,5
40094,5
74270,5
5175,6
4768,6
1804105,4
134712,5
56982545,2
1177186,4
4190581,3
1985650,4
518565,4
1003113,4
37266,5
39678,5
10852633,3
217033,5
1091,6
126194,5
29176,5
28235,5
125,7
207,7
3290844,4
9048093,3
12138265,3
899,6
24522,5
7934413,3
58013695,2
90,7
14980,5
10164968,3
86052,5
1764,6
4558,6
3142744,4
64290,5
811581,4
4,10
34363346,2
791328,4
9670,6
158,7
4270,6
15643426,3
8,10
527,6
34860712,2
22351773,2
4797,6
16156698,3
14810,5
6151258,3
9939756,3
1210405,4
8531691,3
248601,5
632,6
4304,6
413,7
394662,5
227729,5
4640,6
5152775,3
35185,5
153342,5
1,10
12401377,3
2961999,4
1457,6
76425,5
3,10
1180922,4
978,6
29884,5
11807,5
19815504,3
16286,5
381,7
31947,5
58174165,2
13327617,3
1776,6
72765437,2
527,6
1746795,4
13857,5
28,8
15800,5
455497,4
826,6
166,7
35175,5
383984,5
73287,5
4244,6
68526376,2
5,10
146908,5
348,7
28467,5
429,7
9834,6
16627,5
11494,5
4583,6
252010,5
9061,6
2219137,4
45,8
18978,5
200,7
90,7
23713,5
6599921,3
28,8
69867,5
13858366,3
25376179,2
13801,5
1835,6
29001,5
1797487,4
80,8
15378,5
32540297,2
50,8
45521,5
1141031,4
345,7
155952,5
11005,5
1242680,4
2781781,4
7009158,3
9902,6
2944827,4
122239,5
527,6
92537606,2
8,10
324,7
513774,4
1414210,4
15672,5
72388029,2
1047,6
243,7
170839,5
109383188,1
26109,5
10224,6
3,10
0,0
38789,5
79457,5
6610422,3
232186,5
377,7
5369137,3
10091,6
3,10
10823,6
12056,5
233196,5
191111,5
12144,5
15,9
55673,5
12022,5
2297542,4
181,7
262529,5
1980556,4
1883943,4
31658,5
66,8
867091,4
6945467,3
161784,5
527,6
18166,5
36857,5
209,7
24225233,2
464,7
527,6
3962071,4
194822,5
373717835,0
715,6
1428738,4
1424673,4
12073613,3
2583327,4
5332444,3
3512611,4
1385,6
5046584,3
6611335,3
15701089,3
14810,5
71779,5
21060558,3
159198,5
3,10
70790486,2
1530046,4
1381,6
344,7
177603,5
1163289,4
29118,5
125239,5
128415,5
9636,6
209,7
1176009,4
254171,5
853,6
134032,5
366,7
31002,5
3,10
127363471,1
12144,5
85411,5
456785,4
0,0
4888,6
417896,5
13206,5
12144,5
2023,6
1,10
2354768,4
4347720,3
157639552,1
3337150,4
79332,5
11961,5
61838765,2
81805,5
93413,5
1533617,4
4187,6
563512,4
64252,5
0,0
807222,4
11075,5
16534948,3
4888,6
7324280,3
4,10
24480,5
36093,5
58628715,2
126,7
175700,5
4849504,3
664,6
46473,5
27092,5
38,8
3588509,4
250900,5
10677,6
12019,5
188977,5
128902,5
848427,4
751,6
2774590,4
814150,4
12235,5
4888,6
4145248,3
1660370,4
7108142,3
530,6
202,7
2864,6
119712,5
14163,5
9669996,3
0,0
16719,5
527,6
182589,5
22684,5
13934,5
33733253,2
1385332,4
50,8
20312,5
1997699,4
1407866,4
0,0
21445767,3
6783272,3
1972000,4
12144,5
22766,5
30247,5
35502,5
82,8
62282825,2
9295,6
969,6
2700,6
1210394,4
10224,6
278837,5
48280953,2
1143636,4
6296378,3
1211381,4
19017430,3
2449827,4
2962433,4
23225,5
1694165,4
54353,5
223,7
3,10
25622,5
87,8
10658,6
841131,4
20088,5
38198,5
1746795,4
4786,6
485001,4
15,9
12668,5
1173270,4
9362,6
527,6
8513247,3
25110,5
0,0
2990221,4
15234,5
201728373,0
18905,5
364,7
13259,5
4888,6
539187,4
372383,5
53783129,2
113,7
1446401,4
7248156,3
15404666,3
101011117,2
23211,5
56681,5
13259,5
2558584,4
26742,5
1337857,4
577,6
83523396,2
2023,6
62552,5
4,10
20075,5
1441623,4
527,6
8585492,3
819883,4
16084,5
14265,5
35961,5
464584,4
10459,6
5077966,3
51634,5
15878,5
178131,5
1845,6
61941638,2
480603,4
177474,5
1234146,4
14342,5
14944,5
4410,6
848,6
527,6
50,8
28576,5
42060,5
64054,5
10091,6
1441,6
436,7
8528520,3
527,6
12010,5
82895145,2
125,7
163807,5
1586022,4
46981,5
52610150,2
853328,4
2404,6
47999614,2
4772,6
236731,5
164953,5
5382589,3
57693,5
232186,5
5585386,3
1595384,4
43476,5
14077,5
4212,6
13061050,3
72026417,2
35961,5
6144658,3
4888,6
527,6
916,6
1158278,4
23605,5
3900861,4
9602832,3
6024456,3
54462268,2
9061,6
3,10
395,7
394,7
14429,5
3752673,4
259,7
43232,5
59779,5
2737656,4
620336,4
2923614,4
10761947,3
5256,6
2194404,4
2411,6
11127,5
2544144,4
46520,5
7715196,3
165590034,1
1266854,4
434236,4
163604,5
845,6
4824689,3
44394,5
1785342,4
197907,5
1165,6
135723,5
71640487,2
23605,5
809719,4
32781,5
31837,5
20731949,3
16259,5
59163821,2
28589,5
2859,6
354560,5
53392,5
79400,5
124239,5
62228585,2
43905,5
21643,5
12042,5
993,6
2172658,4
5,10
4877,6
843573,4
1203010,4
4042912,4
13877,5
14810,5
39641,5
21801,5
168,7
66,8
50,8
5232,6
9763095,3
13021047,3
358798,5
27279,5
1131544,4
9239,6
170030,5
4000311,4
1377793,4
4794854,3
33148407,2
5540927,3
13577345,3
5,10
80,8
10145,6
60864399,2
32176437,2
22303794,2
350365,5
14868948,3
112760,5
4526654,3
1238714,4
22722771,2
2407,6
878568,4
113,7
1,10
2451,6
1457,6
12979,5
23429,5
12599123,3
716,6
367167346,0
527,6
825100,4
830555,4
1347647,4
10264537,3
267930,5
12239553,3
133443,5
40470,5
1525,6
480,7
18717593,3
805003,4
74483,5
4553,6
4699,6
1668230,4
29301,5
21526,5
416406,5
134038,5
1414210,4
183781,5
68,8
744,6
15995,5
527,6
4212,6
1233992,4
108110,5
6217420,3
2500398,4
469,7
1378386,4
882,6
1092,6
14847349,3
61749,5
25,9
9589393,3
3712039,4
47909928,2
350,7
49768112,2
3193092,4
2271500,4
57937493,2
9393,6
9952,6
914,6
4,10
10682,6
16951,5
89,7
198310357,0
1963111,4
12144,5
70,8
2981264,4
2944828,4
23095,5
52610150,2
5025863,3
378606842,0
422,7
1885,6
15,9
1015835,4
48240677,2
2830141,4
17351,5
5,10
205560178,0
60563036,2
21216,5
4446267,3
4888,6
8109518,3
52899910,2
15800,5
4,10
265080,5
59289699,2
994269,4
9523,6
226325,5
12711,5
968,6
19741826,3
16627651,3
481987,4
19840,5
50693412,2
129359,5
176814,5
33440,5
121196602,1
38968,5
1070,6
12317,5
527,6
2009042,4
832954,4
10225930,3
15994670,3
230154,5
13821,5
369,7
26098375,2
3598134,4
12592475,3
152106613,1
139,7
807842,4
5477848,3
53644418,2
3839556,4
3,10
548,6
237,7
112929,5
527,6
68360,5
7778456,3
317,7
4119897,3
1125781,4
50,8
16255980,3
221887,5
527,6
275,7
1248049,4
527,6
29252,5
70372,5
5137029,3
17881686,3
49170237,2
89913,5
1209840,4
95261,5
17775549,3
58194845,2
12144,5
9141,6
12974,5
97064482,2
2173423,4
7628596,3
91226504,2
232186,5
119566,5
435406,4
1776,6
172922,5
30706,5
527,6
11430,5
3276523,4
23605,5
139,7
853914,4
808784,4
2621454,4
221181660,0
243611,5
10451292,3
722,6
1378,6
73011,5
376,7
1674,6
1,10
809308,4
17683281,3
1,10
56699,5
77916,5
24473,5
26978,5
13514,5
145346,5
53812845,2
5,10
2293,6
12144,5
653,6
1265180,4
2356,6
457070,4
1216,6
147941,5
12927095,3
1370853,4
527,6
63878,5
364,7
223839,5
4521,6
1342321,4
181,7
28293624,2
36597,5
8288874,3
851098,4
62552,5
60873,5
11815107,3
12542652,3
68688,5
188977,5
4322662,3
13852,5
70,8
4146,6
52515,5
2852675,4
134513704,1
12144,5
33738,5
1499036,4
9950,6
119565,5
370171426,0
8594151,3
234479,5
19458,5
48778,5
0,0
653707,4
360421,5
9564,6
7342628,3
38288654,2
9271,6
9547,6
39461,5
383,7
3,10
434569,4
831,6
200,7
121863242,1
4351817,3
2363398,4
8977,6
390,7
89293,5
2768,6
72122,5
6389052,3
5784110,3
2790465,4
14316,5
25370992,2
0,0
2439835,4
10452,6
226375691,0
141449,5
346803,5
217313,5
98248,5
9898,6
446,7
12468,5
12003,5
1414210,4
3843895,4
271369,5
1,10
2552993,4
172903,5
872656,4
31892155,2
1951,6
925065,4
675,6
10085,6
53448169,2
16133531,3
55970,5
125,7
75575,5
527,6
4235,6
1193300,4
41224,5
865371,4
527,6
80228,5
59533750,2
252574,5
34286,5
527,6
13857,5
10523,6
149663,5
232186,5
42573,5
825085,4
3,10
4112490,3
270529,5
112274,5
527,6
318983799,0
2317996,4
26295795,2
3532373,4
527,6
88420,5
35768683,2
4536,6
101093625,2
3380039,4
113,7
1263504,4
64613,5
12611,5
193929,5
1525687,4
48918567,2
2518003,4
15124500,3
4169,6
229666,5
11271353,3
35117,5
32452,5
1594723,4
2003059,4
9061,6
170951,5
13574,5
10252,6
596518,4
3917832,4
16010,5
200714,5
80,8
340,7
81610,5
79145,5
20697931,3
11132568,3
425005,5
192,7
113373,5
7094335,3
40830,5
10427,6
50,8
13674,5
4400207,3
39300,5
2202999,4
140757,5
39959,5
4,10
232186,5
2023,6
68482,5
22669050,2
4786,6
84470975,2
24915292,2
1131281,4
1,10
274707,5
87460,5
20167,5
9171,6
159200,5
15800,5
121589,5
52610150,2
352396,5
11805122,3
21956,5
8097391,3
281,7
10332,6
993,6
1462888,4
26234,5
4,10
12159,5
247895,5
168769,5
5535972,3
27856,5
172,7
34943,5
3766112,4
1672416,4
97472,5
1704,6
5665468,3
2258318,4
9321,6
1991,6
13762441,3
527,6
11541,5
527,6
60021651,2
813,6
2891,6
30584,5
35980,5
409750,5
2198,6
19902339,3
557,6
9698,6
987614,4
55751,5
11118,5
6786652,3
4233,6
814546,4
3806535,4
9952,6
15145,5
165300,5
1453095,4
28070656,2
395,7
36593,5
1460,6
9520,6
1,10
1509890,4
18548731,3
747,6
1356261,4
77584,5
831551,4
527,6
15461,5
87295,5
28,8
15,9
426,7
1207254,4
9321,6
55965,5
21810,5
232186,5
245077,5
57,8
9412,6
10017,6
62552,5
2688448,4
232186,5
32495,5
370,7
50,8
50130,5
90,7
18878,5
20465071,3
12903,5
4245,6
50538528,2
51320557,2
175,7
1545,6
4500595,3
527,6
2277090,4
55138,5
631,6
28,8
1411121,4
557,6
16308,5
4738835,3
1752420,4
1063,6
9461393,3
1,10
1132068,4
1147903,4
413,7
20765818,3
1689675,4
87,8
15942,5
404469,5
1599837,4
24046,5
15147,5
9851113,3
2144,6
89519949,2
27828,5
39,8
305,7
325195190,0
20642699,3
1514265,4
15629,5
20090063,3
887958,4
56107,5
4648,6
1659,6
74682,5
13079,5
413806,5
54848717,2
10004,6
154949,5
1178954,4
48849936,2
1498106,4
192,7
1809229,4
1893482,4
15737,5
1427706,4
270232,5
0,0
42281,5
73,8
3561405,4
23938526,2
1421797,4
56308,5
227947,5
66906,5
463,7
4333537,3
20,9
74852,5
393,7
104457729,2
8535843,3
45129,5
2876609,4
0,0
803,6
87,8
56348,5
331,7
1245,6
1547348,4
145346,5
14853406,3
2231,6
12713,5
4423,6
15147,5
5059,6
1118471,4
1414411,4
12468,5
11855,5
69867,5
17443,5
59857871,2
22093,5
8905976,3
4,10
181,7
1173,6
1132190,4
90,7
110388,5
5596444,3
2690889,4
26392,5
33725419,2
18345,5
4878,6
12322,5
28231,5
1826317,4
140124,5
9924,6
13640405,3
426,7
10806,6
1257475,4
72998071,2
161927,5
3327807,4
4118634,3
4729582,3
139007468,1
37663,5
2023,6
4840,6
133175,5
157478,5
22309857,2
22865,5
162434,5
2261493,4
423082,5
642,6
2023,6
88072,5
6299066,3
11433,5
1461,6
38411003,2
29198,5
5077966,3
26133,5
17396,5
70928,5
8996,6
1151574,4
61551253,2
1246209,4
346,7
5397265,3
1623,6
7685165,3
107454996,1
1991,6
23725,5
1380711,4
1246209,4
4126005,3
13937,5
1628633,4
24142741,2
120004,5
4423,6
18911,5
6749826,3
17887,5
50,8
13231796,3
144037130,1
1428143,4
4668,6
527,6
14131,5
748,6
1601896,4
448088,4
64724,5
19405465,3
1976833,4
114295,5
532,6
68,8
2229263,4
810,6
133308,5
15995846,3
17740484,3
99621,5
857453,4
18187,5
16883157,3
52610150,2
3002319,4
34259,5
10067,6
19714671,3
527,6
108401,5
20401,5
12296,5
70100,5
18622339,3
527,6
8,10
577,6
64905,5
10863564,3
23605,5
32502712,2
527,6
158398,5
364,7
2402,6
28,8
527,6
3963263,4
1131048,4
232186,5
11158454,3
645,6
99440,5
200,7
527,6
70107,5
180163,5
1380243,4
10201,6
45381,5
854473,4
1150992,4
3581572,4
4549,6
686064,4
1361716,4
2023,6
28,8
558364,4
7637619,3
189,7
15000,5
244,7
9274909,3
46511,5
72494,5
23706,5
50578,5
28323,5
1150459,4
9412,6
20345,5
3794150,4
62645650,2
11729,5
3260368,4
12017,5
2748468,4
15800,5
35956966,2
80,8
20947417,3
30,8
117757,5
223124,5
14963879,3
10049,6
510387,4
9146,6
4179482,3
5232,6
7743468,3
53637,5
63228,5
383686,5
1145174,4
3871693,4
606,6
189,7
10385,6
59,8
15157,5
10733423,3
2915619,4
20593,5
10719,6
102335376,2
8485299,3
5125843,3
36907,5
12495,5
113,7
30851,5
11299,5
13629,5
109618,5
23444,5
148389,5
90467,5
3533535,4
148312,5
1383639,4
2814,6
4212,6
232186,5
3912955,4
1885,6
97010,5
11186,5
202988457,0
70952,5
288,7
224721,5
431579,5
819974,4
5588989,3
192,7
38600,5
14810,5
14113,5
216,7
24825336,2
112514,5
2429790,4
129359,5
172528076,1
11826,5
37,8
68164471,2
243022,5
81896,5
173774,5
57819,5
4,10
407763,5
28,8
4197,6
443336,4
15867404,3
376,7
8264859,3
25061,5
101500944,2
56748646,2
1589292,4
1466677,4
88661,5
2534494,4
342,7
24120976,2
12144,5
80,8
1349,6
16052,5
2841652,4
61134793,2
631,6
8908362,3
162423,5
7639211,3
305,7
1182687,4
5934205,3
369539676,0
13787862,3
232186,5
2485600,4
28501,5
1659565,4
1188597,4
527,6
527,6
4295,6
7716470,3
13004364,3
1733277,4
10361,6
59138444,2
20071,5
282,7
4544,6
426,7
7747226,3
10050,6
536,6
425,7
162101,5
67685619,2
237322,5
816587,4
527,6
539653,4
3,10
1240713,4
176703,5
12144,5
9226,6
5175,6
4344011,3
166,7
11014,5
116112,5
59671,5
220157,5
23494,5
138215879,1
14202,5
90,7
818846,4
121,7
4344302,3
373370752,0
60833,5
116213876,1
1592002,4
37016,5
16949,5
376,7
3813775,4
14810,5
17427973,3
4,10
16923,5
527,6
527,6
17463,5
16282639,3
80,8
4601,6
155141,5
14810,5
11585539,3
372526919,0
1381368,4
832954,4
4112002,3
92137,5
16949,5
13886,5
9396808,3
13048,5
803,6
10067,6
62602,5
31016,5
1853883,4
527,6
13026379,3
2197730,4
14611407,3
4271322,3
44843,5
327,7
361524,5
842648,4
39138,5
10224,6
106340185,1
68266,5
200,7
5466971,3
5,10
3515023,4
1151416,4
18129,5
4942040,3
1748635,4
24946,5
259,7
129277,5
24420616,2
767,6
1298,6
527,6
11912551,3
50,8
8396948,3
4721464,3
16259,5
51179,5
158,7
377,7
2190012,4
1660724,4
4068241,3
200,7
9952,6
11170,5
81,8
10228,6
28,8
2396,6
16658,5
59249913,2
10254,6
535,6
359820,5
2982649,4
11188688,3
58335151,2
0,0
2809151,4
377,7
1221152,4
378549,5
90375402,2
9241,6
41503,5
0,0
132683,5
8120478,3
38948,5
353775,5
18106,5
113,7
1192826,4
5108,6
14016003,3
12135,5
2789450,4
63617,5
1850487,4
145,7
1131286,4
9935,6
2572599,4
230471,5
83359,5
4350085,3
9404,6
127475875,1
9326,6
1970608,4
9261805,3
14721,5
1823651,4
1461017,4
1877217,4
2181710,4
2873091,4
16551,5
474,7
1180547,4
19200,5
1551,6
1416098,4
3881423,4
1389,6
25438,5
409143,5
527,6
0,0
1738808,4
1134896,4
144548,5
990836,4
254171,5
14693,5
532,6
3,10
4,10
126049,5
27815,5
31002,5
35145532,2
14606345,3
13968,5
2437,6
12144,5
1,10
192,7
54780,5
5642273,3
512563,4
232186,5
61088,5
193522,5
72532,5
18959,5
1,10
22216,5
9538,6
5586417,3
325,7
12281,5
168,7
0,0
4240338,3
2355790,4
4986512,3
92137,5
6505047,3
4187,6
1000,6
527,6
1140317,4
4888,6
84247,5
170,7
50538528,2
1991,6
4834,6
38035,5
219894,5
1232838,4
3951783,4
86124,5
2685328,4
4250,6
405,7
554,6
13105,5
488504,4
99712,5
13232,5
527,6
25445118,2
78,8
71943294,2
3313301,4
45196,5
4888,6
1846421,4
46297,5
376,7
10933,5
71103169,2
9636,6
2472,6
9995,6
527,6
527,6
4311,6
15224,5
3200716,4
4888,6
1476923,4
882825,4
5182,6
753,6
1603808,4
2175,6
18474,5
148591,5
13978,5
430318,5
6111978,3
13259,5
1705449,4
990,6
11594,5
1,10
60518018,2
20947,5
0,0
13326,5
527,6
127063,5
18753,5
542,6
2747119,4
560763,4
2554112,4
2820947,4
4,10
11624,5
68,8
3122762,4
36,8
2185365,4
527,6
3530521,4
1157273,4
276036,5
4368860,3
8498182,3
1996845,4
169271,5
12746203,3
1091,6
533,6
25380427,2
1940279,4
18703,5
486424,4
12376,5
122860411,1
174,7
2023,6
188977,5
1214,6
11028,5
166,7
13799,5
988,6
642,6
376,7
2023,6
3324476,4
195431,5
11164,5
12405,5
527,6
1,10
327,7
5,10
541740,4
4177054,3
376,7
30260,5
5117,6
0,0
2507,6
0,0
422,7
1,10
47244094,2
1405674,4
4766,6
181805,5
1174719,4
857147,4
527,6
798,6
1467,6
4621771,3
0,0
11216240,3
10625187,3
9061,6
620336,4
10341,6
904,6
1221537,4
12270,5
1663,6
156,7
2156934,4
24859,5
7202361,3
378678,5
798,6
22190,5
2023,6
6941451,3
207,7
207,7
0,0
1209914,4
42573,5
11459369,3
192,7
360585,5
2539985,4
173584292,1
3171888,4
3279005,4
16730,5
15776,5
1837960,4
35408,5
0,0
232186,5
368608,5
2606513,4
232186,5
377199203,0
1263631,4
4,10
646,6
57,8
4,10
13615941,3
19086495,3
17512302,3
2175,6
7267744,3
866052,4
15183,5
24912774,2
161708011,1
5118,6
1210567,4
3578321,4
527,6
2353786,4
0,0
0,0
17980,5
527,6
11659499,3
562205,4
1414210,4
29875,5
582,6
24570877,2
9167,6
48364,5
10968710,3
160,7
11777,5
64379,5
15930919,3
162101,5
7961798,3
9902,6
205,7
14978382,3
232186,5
1907573,4
2756,6
1,10
46675,5
4357847,3
988,6
65175,5
14810,5
703745,4
16227,5
2231,6
72850,5
19124519,3
131171,5
227729,5
411748,5
7659356,3
10786,6
7311043,3
3796369,4
677,6
660791,4
13346,5
12821,5
10791,6
3165472,4
593,6
18995,5
367464,5
9171,6
1461054,4
20835,5
123106,5
6505919,3
1471,6
20727,5
527,6
15838,5
834314,4
2198973,4
148492,5
94145,5
1623,6
2402,6
1245,6
89913,5
488504,4
8325627,3
1834147,4
11367,5
1126223,4
1542,6
11984,5
48894544,2
98442,5
16478,5
1,10
21945814,3
232186,5
22868,5
57522,5
5,10
34200,5
9886,6
260460,5
174,7
9283,6
31293,5
126,7
232186,5
16205871,3
15800,5
24422,5
94131763,2
232186,5
376142417,0
1238714,4
9152,6
23583,5
35295,5
28,8
1566,6
74901,5
141968,5
34748,5
13307,5
11187,5
1136705,4
31002,5
43675,5
232186,5
36683,5
12468,5
3173713,4
11755,5
52582930,2
356876,5
527,6
350,7
4036843,4
9351,6
11889,5
1178325,4
4291,6
20075,5
291170,5
527,6
73466,5
39699,5
626746,4
113835,5
31353,5
181765,5
4888,6
63691884,2
52400,5
174,7
17594,5
334,7
1175783,4
3838197,4
327,7
6212308,3
276703,5
420055,5
15800,5
9171,6
5101,6
108045,5
5010602,3
11996,5
84808,5
1451047,4
1012619,4
1728249,4
99319,5
32015,5
98777,5
166,7
815483,4
25,9
822156,4
1408982,4
527,6
11430,5
2249536,4
282739,5
89960,5
20524971,3
288,7
4187,6
1610720,4
1091,6
4,10
18787,5
48290,5
1309,6
4,10
2402,6
0,0
57812,5
153292,5
375,7
1160840,4
1492,6
157,7
10583822,3
1177900,4
366205,5
5,10
231852,5
1360609,4
22823,5
2520954,4
3,10
1010042,4
101362620,2
869862,4
904,6
6335273,3
9960,6
305,7
232873,5
20312,5
10913,5
9952,6
23622,5
29941,5
10517047,3
17434,5
2891,6
2230651,4
52995016,2
56780,5
88778,5
456151,4
150504,5
498,7
33798814,2
1092,6
11009337,3
2041,6
2737656,4
5320135,3
370,7
1415,6
32947585,2
19685,5
112274,5
23718858,2
6419389,3
941,6
149047019,1
5157198,3
0,0
21503547,3
1226266,4
8997,6
4161039,3
1303555,4
28,8
3,10
429113,5
14810,5
2784417,4
37464642,2
4356712,3
11368,5
413458,5
1127544,4
5307225,3
1182591,4
4374,6
4212,6
2738446,4
18811807,3
69414,5
13134,5
653,6
82377506,2
11132,5
348191,5
16764,5
163525,5
28,8
813,6
48391395,2
512,7
9525472,3
10346,6
20027,5
28610,5
11706,5
20321,5
227729,5
9231,6
594902,4
2604675,4
1378,6
527,6
101586,5
15261832,3
21174359,3
15234,5
2178,6
48423608,2
58532,5
1893,6
136313,5
15091,5
8377953,3
89495670,2
18152,5
833107,4
24372,5
200714,5
1206626,4
15228,5
22732792,2
57249,5
0,0
3,10
1749,6
1371,6
10091,6
182,7
82474,5
15518,5
10632,6
10613416,3
1624,6
9699,6
9518,6
13198,5
9433,6
352,7
1150918,4
38455095,2
9507,6
146071,5
110811,5
5273953,3
10915,5
2240987,4
4471,6
331,7
11833,5
18197,5
172926,5
1126841,4
4388994,3
17857347,3
93149396,2
89286,5
281535,5
13852,5
1339,6
60351443,2
127212,5
532,6
1832684,4
10085,6
819954,4
32566486,2
4,10
9521,6
1381250,4
4967,6
107001,5
168917,5
15734610,3
669,6
120197,5
1173936,4
4084106,3
51277,5
12017,5
10988,5
256906,5
12144,5
9664,6
798027,4
37720,5
82532,5
4502986,3
2116,6
11514,5
61762,5
85741,5
5,10
349646,5
21974,5
1159989,4
25267,5
2211947,4
65836,5
17663,5
50341326,2
9657,6
527,6
8,10
2402,6
4743,6
59270264,2
72134,5
4140044,3
439,7
6566332,3
4300,6
78450,5
527,6
28414,5
827839,4
377341826,0
249397,5
1,10
1747,6
3506334,4
5037528,3
1,10
9141,6
17040,5
3,10
61923042,2
18062,5
28,8
2785608,4
13080,5
1880,6
0,0
1463569,4
73038,5
50,8
876,6
11507456,3
64724,5
81579,5
4866216,3
243573,5
12953,5
15776,5
449771,4
90,7
2411,6
87,8
110632,5
84546,5
181,7
9970,6
200,7
3,10
113351,5
124451835,1
32099172,2
12477,5
527,6
2743,6
44959,5
139561,5
29185,5
19457,5
2753882,4
2463928,4
796256,4
2507,6
64735,5
53896544,2
646,6
17331,5
15400,5
63063,5
23356,5
1357,6
11232165,3
1175800,4
1,10
18748,5
50,8
1118542,4
2677476,4
7983805,3
2363428,4
3958644,4
841729,4
0,0
360517,5
10859017,3
11581,5
5118305,3
98084,5
20506,5
377,7
7305895,3
14734,5
22271,5
1764022,4
61515026,2
828054,4
66345963,2
72291,5
39445,5
47546815,2
390,7
66,8
1130525,4
1836529,4
73593734,2
3858309,4
42482,5
25683027,2
16052,5
2671509,4
243882,5
23839544,2
49487246,2
51069,5
161163,5
5545840,3
30,8
70,8
12144,5
8658160,3
38517,5
5044380,3
136318,5
11726,5
142,7
13565,5
347172,5
672094,4
1787112,4
527,6
5759514,3
104176,5
2464170,4
67778,5
1123339,4
274707,5
6518316,3
748,6
5229,6
2428119,4
10776485,3
3958982,4
170297,5
1417164,4
26210117,2
187482,5
113,7
527,6
615153,4
132274,5
2361,6
511202,4
527,6
13273,5
369783666,0
47076,5
1234445,4
18116,5
3707538,4
1,10
1209264,4
42805,5
20384,5
475915,4
527,6
1091,6
4212,6
8,10
100598,5
5583901,3
38888,5
64756,5
6233524,3
232186,5
1174,6
281234,5
13937,5
527,6
7354580,3
243885,5
29387,5
24639105,2
2023,6
15639,5
14641,5
3877525,4
15009,5
79584,5
37354,5
31211,5
134109552,1
57,8
527,6
7941704,3
1,10
61827,5
410086,5
287,7
35495,5
78985,5
80,8
11872,5
21040916,3
333,7
123463,5
1142762,4
378132072,0
866981,4
15234,5
4507003,3
2484957,4
0,0
9295,6
393,7
4885591,3
80,8
36989078,2
63643,5
2432760,4
25673,5
9322,6
6942694,3
3,10
36,8
1501,6
62552,5
5929765,3
13978,5
9307,6
9167,6
9710,6
127896,5
9670,6
3,10
151136,5
43245,5
20298,5
819,6
90,7
1379,6
4113309,3
5523243,3
35961,5
9501051,3
4530,6
10637,6
866981,4
50,8
5653284,3
1192931,4
181,7
16545,5
4053845,4
20153,5
2459094,4
56348,5
19725,5
909,6
5540886,3
2203855,4
30872,5
59858,5
16167,5
11005,5
53503,5
11204,5
276531,5
15746,5
4,10
62552,5
182,7
1,10
4536,6
2205,6
6849642,3
5065,6
1840893,4
2028297,4
148140,5
9061,6
3603428,4
315,7
407047,5
37448,5
8759037,3
452,7
1981296,4
28379828,2
4768,6
2156767,4
399871,5
9995,6
123460,5
2814,6
11319,5
70,8
992,6
10920,5
10382,6
7620764,3
23992118,2
27384403,2
429246,5
18324,5
418,7
5033882,3
31211,5
4100917,3
30427,5
2428635,4
4422,6
527,6
6961309,3
12656855,3
1226266,4
2023,6
5941183,3
5001475,3
4212,6
16307,5
1477647,4
8479618,3
7387652,3
4,10
391,7
4400571,3
49371510,2
9664,6
52065130,2
1547461,4
16949,5
4888,6
9924,6
120302,5
4824146,3
338,7
105154,5
1056,6
4888,6
34943,5
2814,6
5203533,3
288,7
563515,4
10415,6
27618855,2
441017,4
4888,6
7383670,3
15234,5
13859043,3
1180556,4
46754,5
31211,5
9670,6
5894538,3
175948,5
2516,6
3571099,4
4187,6
2023,6
5,10
527,6
527,6
135767,5
1178420,4
0,0
1530654,4
2771089,4
18781,5
0,0
19952,5
1399038,4
1006594,4
62552,5
42988,5
436,7
4212,6
27648,5
1,10
1347141,4
12522796,3
954,6
1284814,4
31795468,2
8997,6
94429,5
17566004,3
10411,6
13520,5
4227182,3
101830,5
13940,5
29441,5
20598,5
13729,5
343834,5
9137,6
1226850,4
15800,5
1269985,4
0,0
14525,5
527,6
814,6
376,7
1452825,4
15564914,3
1414995,4
2402,6
28,8
1152984,4
113,7
3,10
139451,5
1339130,4
58907312,2
33609088,2
1135258,4
527,6
88,8
234590,5
6653072,3
1164115,4
232186,5
1333,6
1040,6
49459619,2
217919,5
7223216,3
4773,6
16259,5
194292115,0
44497,5
4,10
23481,5
9902,6
5175,6
422,7
7288895,3
960,6
9674,6
40189,5
17827165,3
38945,5
39701,5
35961,5
2041,6
1197725,4
41412,5
67559,5
1258880,4
0,0
327,7
841467,4
9256,6
527,6
35016960,2
13956,5
527,6
133904,5
752,6
15743,5
9069,6
16386674,3
9831381,3
4212,6
66916265,2
119779,5
5077966,3
63682920,2
371175059,0
452,7
281,7
40390,5
163,7
143041,5
9000,6
13259,5
22574,5
232186,5
1692724,4
527,6
1118940,4
35298734,2
28,8
1818108,4
25,9
91076043,2
1175939,4
62192499,2
4212,6
15653,5
1741,6
851757,4
1446872,4
657,6
10887935,3
16478,5
147747,5
1268524,4
436,7
136407,5
78944520,2
63304593,2
477611,4
5476289,3
621601,4
21141,5
13870,5
17434,5
527,6
969,6
2894,6
216,7
5363479,3
125530,5
25762,5
81,8
157173,5
4437132,3
49512,5
849900,4
20690,5
10904620,3
18875,5
2507,6
80519983,2
1414210,4
45910,5
3654692,4
1702018,4
50348,5
11767076,3
4269257,3
93626,5
14810,5
79551,5
35648,5
56058714,2
6686406,3
992,6
29547,5
1610056,4
4204018,3
15600,5
2668703,4
69006037,2
223238,5
512,7
18164833,3
68719051,2
10600,6
9061,6
1180350,4
27101,5
0,0
2149533,4
25,9
131632,5
119810157,1
144174,5
13824375,3
1449205,4
7952500,3
28,8
3603354,4
37,8
5,10
105103,5
23212194,2
757,6
33,8
9657,6
42750,5
4257615,3
2241510,4
407652,5
95202,5
13134,5
52085406,2
2498051,4
6507757,3
11835,5
414986,5
10852633,3
0,0
1,10
335,7
10649065,3
51771,5
6656799,3
2961257,4
2132189,4
381853,5
180133,5
97779,5
527,6
39263398,2
237,7
32715,5
38945,5
2147556,4
21149714,3
3353521,4
284767,5
40638,5
218158,5
18497,5
158,7
5129437,3
83721,5
1437024,4
9572,6
98284,5
527,6
1354487,4
873942,4
1895,6
30651,5
7644532,3
1525,6
9634,6
23994250,2
15177631,3
48777,5
15338,5
786,6
67934,5
3327994,4
86748,5
217558,5
74901,5
2610061,4
1453940,4
63979455,2
1178749,4
1713,6
2824159,4
36,8
23968857,2
871824,4
10091,6
4890,6
144357,5
161482836,1
13402,5
1193159,4
58791,5
9952,6
177,7
94593112,2
530,6
881273,4
26118717,2
820882,4
114166,5
12699,5
427988,5
102769784,2
23807,5
463,7
13560269,3
1291,6
252371,5
26871,5
4,10
376,7
1693663,4
72850,5
91997,5
1909433,4
9670,6
9646,6
101852,5
16771563,3
3820094,4
2828325,4
1919652,4
1987384,4
398223,5
50518,5
5139984,3
365090,5
11625,5
9061,6
61364,5
13232,5
4719929,3
1724518,4
45,8
1327,6
123922,5
52206239,2
200,7
28001447,2
52610150,2
2041,6
65045,5
342,7
62374,5
1021849,4
1118542,4
4888,6
172424,5
43276,5
5028896,3
527,6
11700,5
2571794,4
818785,4
672,6
54014,5
2239865,4
0,0
17365298,3
119949,5
66027,5
238384,5
1486,6
527,6
22171,5
7845408,3
7940885,3
1218004,4
50035915,2
181,7
574456,4
923,6
61,8
6660631,3
16692,5
217984,5
1173831,4
548,6
66340,5
90615694,2
34068,5
50,8
4280637,3
46262,5
168166,5
70829,5
227450,5
2296116,4
59538747,2
22055134,3
232873,5
10099,6
12438869,3
5287520,3
1707432,4
2471919,4
217736,5
5522057,3
783,6
1159705,4
5544678,3
22134,5
19069,5
4171,6
90,7
1166018,4
40923,5
4187,6
20194,5
213,7
1414210,4
5,10
869,6
943,6
335,7
132149,5
9446837,3
808629,4
188977,5
2391,6
891035,4
1416285,4
197339,5
86088,5
11074,5
7550005,3
4437132,3
232186,5
4791492,3
1143229,4
4867,6
1693,6
33,8
1922707,4
4104895,3
1996845,4
11995,5
40,8
557,6
34775684,2
24414948,2
5077966,3
181,7
25934,5
15147,5
1479583,4
368366517,0
4410,6
6765453,3
4429964,3
13206,5
2428,6
272997,5
377,7
811995,4
3,10
9485303,3
81259,5
1389,6
22731783,2
23036,5
19808,5
72086942,2
272506,5
12144,5
5,10
265091,5
1129037,4
2363496,4
288,7
152,7
2448521,4
2550244,4
23919718,2
1747,6
166,7
134712,5
23225,5
75005,5
1704,6
0,0
4572,6
121,7
4062096,4
1212229,4
1771982,4
4144431,3
13228071,3
25830885,2
20,9
527,6
9100,6
196498,5
9388,6
4692,6
105710736,2
16961,5
75587,5
24876443,2
4327845,3
75013839,2
138159,5
352848,5
814641,4
136221,5
397821,5
376,7
596985,4
1728595,4
1237,6
22253,5
13514,5
527,6
16132492,3
13003,5
143078,5
4509,6
527,6
65381,5
129359,5
3768157,4
15776,5
1123258,4
1414210,4
844960,4
355891,5
51753,5
0,0
288,7
262395,5
147546,5
2186452,4
1606150,4
12276,5
5590299,3
2556411,4
15020208,3
376,7
12144,5
254997,5
1375232,4
902169,4
12717873,3
4921029,3
90331,5
2753897,4
16120,5
9890,6
4242,6
1003794,4
527,6
29387,5
66156,5
342,7
377,7
230154,5
34943,5
26606,5
1216,6
18350,5
76098,5
55192756,2
193728,5
2821202,4
11037137,3
50,8
4925197,3
248525,5
16163275,3
33197,5
15776,5
148833,5
713487,4
13198,5
1689385,4
232186,5
8459567,3
21135,5
3881423,4
178650,5
15234,5
4197,6
1203722,4
36799386,2
9485303,3
7415703,3
18096,5
4822329,3
3616286,4
19482009,3
5061498,3
50464,5
51040,5
9226819,3
19478,5
527,6
1850657,4
2450389,4
5607509,3
23617,5
18312,5
181,7
17887,5
213,7
16468234,3
89523092,2
100760,5
24705,5
10988,5
811980,4
22797831,2
6354159,3
23820,5
8,10
2183118,4
11434,5
95007,5
1826456,4
63847011,2
15694,5
4891284,3
88476,5
350,7
12294,5
6229420,3
3038400,4
16329,5
2231,6
23312,5
2812327,4
13114,5
521253,4
4888,6
12144,5
2863138,4
1137656,4
2183262,4
1519926,4
0,0
1895,6
232186,5
411405,5
8619179,3
12342159,3
52440,5
2687188,4
321,7
16895,5
4553,6
402,7
6541073,3
536286,4
166,7
1912083,4
4888,6
20389,5
4601,6
61867,5
12597320,3
527,6
34540,5
65579,5
369790874,0
0,0
107551314,1
618,6
128103153,1
465461,4
16949,5
148604,5
1976833,4
4212,6
10854,6
2865575,4
4,10
56927,5
1208250,4
7024091,3
36506083,2
17737,5
4243,6
43047,5
2041,6
52519809,2
77011,5
34109,5
527,6
47809,5
9478,6
16132,5
575839,4
434236,4
1,10
1995995,4
39867,5
89712322,2
16167,5
4212,6
2267769,4
28992,5
20241167,3
17869350,3
10423,6
716291,4
1604256,4
10609720,3
353304,5
130437,5
22574,5
1417923,4
2814,6
15556,5
141,7
89,7
10039,6
366623,5
9652,6
1,10
200,7
92137,5
91411,5
9167,6
6129770,3
527,6
1,10
527,6
147435,5
7737298,3
19238,5
527,6
627808,4
2525754,4
4235,6
1192826,4
874614,4
10542,6
7193966,3
40967,5
1084,6
15813793,3
25026,5
2023,6
213,7
1930067,4
4242,6
2156952,4
90,7
1355573,4
36097415,2
118979117,1
288,7
15758211,3
366,7
527,6
82870,5
9761,6
9041,6
1276822,4
53669,5
38133,5
4466,6
35735273,2
859771,4
2870183,4
4114526,3
20026376,3
71432,5
2556672,4
4212,6
232186,5
62552,5
221002,5
176330,5
226628,5
16754,5
5370524,3
2690,6
0,0
106839,5
16660,5
26295,5
124,7
10767,6
79191,5
25743,5
13741171,3
18684,5
23143,5
23620920,2
5016,6
9952,6
5175,6
25881446,2
798214,4
391823,5
173185,5
346471,5
21905,5
2981741,4
183538,5
1403688,4
4779,6
1420418,4
4701291,3
1143456,4
16407855,3
10743368,3
2806520,4
436,7
46404,5
28231,5
11594,5
4512,6
8323375,3
15800,5
11086,5
5,10
106422,5
15743,5
188919,5
82303,5
4,10
1723224,4
1,10
2019288,4
3,10
8683100,3
200,7
1122430,4
172956,5
1,10
1142762,4
68593,5
15600,5
18682247,3
62267077,2
4311,6
216,7
45452,5
70619,5
153532484,1
1414210,4
1371736,4
43597,5
494,7
10571,6
57,8
11215,5
9709,6
11367,5
5668439,3
1536436,4
633268,4
9688,6
5580904,3
4258618,3
80856,5
2756,6
374403013,0
4888,6
4,10
2227252,4
63426,5
423360,5
90615694,2
18062,5
45507,5
4212,6
19826,5
9934,6
9935,6
844635,4
646,6
527,6
470,7
377,7
66317,5
274707,5
18380,5
1286718,4
3212318,4
9628,6
3194365,4
4297,6
30,8
1378386,4
15836,5
108,7
11442,5
52588166,2
4212,6
383,7
166460,5
1,10
33863,5
19200,5
545870,4
15490498,3
5,10
96772,5
1776936,4
230936,5
41785,5
583877,4
10358503,3
26702,5
41595,5
1145877,4
125,7
109,7
99595,5
527,6
12625206,3
1542,6
80,8
43861,5
11268,5
1,10
2775809,4
2281412,4
90,7
152,7
11197,5
35508,5
2135,6
2484427,4
133,7
232186,5
20817,5
22819,5
46780,5
1747,6
247929,5
25009,5
265120,5
192,7
1514860,4
527,6
428437,5
4,10
92072683,2
7864022,3
369370,5
125540,5
10600,6
527,6
4996,6
141326,5
1729707,4
37950,5
14324,5
1265948,4
399832,5
899,6
99730,5
1233649,4
7187081,3
5363918,3
25,9
10141,6
12271,5
114904,5
23605,5
80698595,2
25044407,2
1598483,4
5,10
49328112,2
8399915,3
232186,5
1165,6
80,8
90,7
6878166,3
232186,5
3284236,4
833354,4
32413,5
291,7
55326067,2
37230,5
15800,5
6036267,3
21029,5
449,7
2244588,4
113,7
155952,5
553,6
28,8
12657,5
356710,5
192,7
2361,6
18234448,3
205,7
393,7
5039,6
2258318,4
486913,4
28,8
58124,5
1205888,4
598,6
28876,5
23726079,2
52138214,2
904,6
66,8
5064828,3
4509,6
204884,5
117176,5
457070,4
527,6
527,6
59949,5
28563,5
6311524,3
369256700,0
30353,5
4345495,3
575839,4
224756,5
37942936,2
848,6
94582830,2
2023,6
849340,4
56866785,2
4,10
16935,5
279,7
35431,5
646,6
18902,5
16949,5
4786,6
273835,5
2837182,4
4,10
12144,5
6570105,3
17434,5
2686776,4
1,10
1462701,4
186,7
92137,5
13259,5
17392,5
9844556,3
3881423,4
12144,5
389,7
2856256,4
1734756,4
682,6
543150,4
254,7
18597,5
9888,6
37866,5
13857,5
606,6
16568,5
52610150,2
1197260,4
16949,5
378447419,0
833580,4
28375,5
33958999,2
12144,5
848,6
4726890,3
60581705,2
3277453,4
6971729,3
71125,5
13514,5
2209147,4
24705,5
1722979,4
9782144,3
45580,5
58679,5
527,6
732,6
61478618,2
8,10
28247,5
4725,6
28,8
1747,6
4688670,3
1221328,4
14799,5
13080,5
10511,6
12477,5
49110537,2
10727,6
50,8
813,6
377281481,0
11323037,3
2870449,4
92529,5
12322602,3
15575,5
72806,5
10389,6
15369917,3
4716435,3
15813011,3
335,7
1,10
1123306,4
2347988,4
5368788,3
673,6
26597,5
12495,5
25880,5
6834256,3
186003,5
268,7
449725,4
75247,5
30313,5
4794564,3
227729,5
70961,5
462071,4
138339,5
90050,5
20695914,3
13936,5
305,7
527,6
7547788,3
35544,5
15333,5
527,6
177,7
23861219,2
8,10
6166581,3
1,10
66,8
1915186,4
1575,6
2518303,4
21566140,3
170951,5
376,7
90257,5
3534271,4
13559,5
2493266,4
1,10
24474432,2
168501,5
1261486,4
2619140,4
139225,5
50,8
13965,5
4834673,3
10722100,3
1271542,4
14810,5
218073,5
9308,6
377,7
4647,6
376,7
18424611,3
23605,5
365961,5
3097352,4
50,8
11206,5
13514,5
831910,4
334,7
0,0
17772,5
1230319,4
4233,6
93078623,2
2144,6
950,6
41956,5
88112,5
2773270,4
125,7
4244,6
76159,5
819954,4
2604249,4
1195050,4
1090,6
17563,5
527,6
34221,5
2729254,4
63220,5
28869,5
388843,5
1914594,4
830772,4
408073,5
11349265,3
4888,6
44534,5
48372,5
198052,5
3958982,4
10604089,3
68,8
102611370,2
5939338,3
4467,6
30535,5
9684519,3
6304250,3
1188459,4
188977,5
160,7
63234,5
49858,5
17396,5
232186,5
14127,5
2276,6
1232299,4
52610150,2
1250360,4
11594,5
10378,6
4601,6
1666425,4
1125459,4
1215217,4
335,7
831,6
338,7
9989,6
4,10
142292,5
67250,5
22216,5
11451,5
1774224,4
0,0
10103,6
1456928,4
79785,5
66,8
23605,5
95004,5
50,8
4827789,3
1450155,4
28,8
377,7
2041,6
9272718,3
66,8
1,10
4558,6
1694573,4
1122107,4
818241,4
81699724,2
25119281,2
1414210,4
100100,5
11544,5
166,7
90,7
2732,6
90089,5
989004,4
62552,5
10003,6
10241289,3
11594,5
23078,5
2729299,4
48679,5
88594686,2
7284444,3
79944,5
232186,5
527,6
923455,4
30348,5
2152089,4
28375,5
108881948,1
43244,5
5561402,3
4376973,3
19577,5
852,6
11442,5
9362,6
4380565,3
2679,6
59912196,2
4423,6
61244,5
10662,6
4524,6
58849,5
2150246,4
502041,4
28,8
527,6
1213614,4
4172456,3
14947127,3
631,6
27179,5
13944447,3
123106,5
1414210,4
71976537,2
9576,6
1239532,4
331,7
223157,5
350,7
232186,5
1131286,4
55483200,2
118239,5
36473655,2
400844,5
13339,5
1265573,4
1724488,4
15357,5
8408882,3
260227,5
17969,5
28,8
527,6
12356531,3
3566258,4
28166,5
28428,5
10004,6
14778,5
80646279,2
680264,4
92397,5
12165738,3
13585151,3
377,7
16258,5
0,0
101899,5
4521,6
12144,5
3643137,4
3943262,4
112107901,1
16806,5
90,7
3703216,4
25623943,2
342,7
5841429,3
205,7
57,8
2515744,4
1509015,4
1131466,4
19957098,3
2036361,4
13078,5
53586,5
13857,5
0,0
1203903,4
1159545,4
19728,5
4212,6
2880103,4
10779,6
1229,6
9284507,3
1443760,4
9993,6
282,7
821792,4
48848630,2
342,7
31928883,2
92529,5
13259,5
9283,6
17293149,3
548859,4
10977,5
2606513,4
68164471,2
14548,5
108,7
527,6
239634,5
1498095,4
586896,4
3821395,4
527,6
19955,5
2539994,4
1,10
2041,6
407891,5
9058,6
143041,5
20893,5
68590,5
8365193,3
13510396,3
436,7
2526601,4
798328,4
1130573,4
66911699,2
393,7
22327069,2
807737,4
67643,5
527,6
5196060,3
102,7
4639,6
10536,6
2041,6
987747,4
366,7
200,7
1122659,4
223092,5
19118,5
90,7
463,7
9626245,3
527,6
44800,5
1703835,4
12144,5
20996635,3
527,6
4851,6
1261,6
10108,6
18497,5
15129,5
2402,6
15131782,3
61052,5
9664,6
9103670,3
1231655,4
9706,6
9886,6
8320518,3
676796,4
4937383,3
14430,5
28444,5
7942662,3
11172,5
39445,5
13325,5
4362,6
153886,5
4766,6
4187,6
1043,6
14818,5
113746,5
575839,4
14903,5
93258890,2
37318763,2
22047,5
13857,5
13259,5
6170009,3
972,6
2630,6
356710,5
28172,5
37,8
60595356,2
2443997,4
8,10
87457,5
1466961,4
55042,5
27438,5
52610150,2
13218444,3
110549686,1
50,8
813,6
57000014,2
4352011,3
5995016,3
31586,5
16340,5
12139,5
5,10
1266,6
1016,6
117767,5
9747,6
29653,5
417904,5
2363398,4
21518,5
430948,5
17343,5
527,6
1902,6
21402,5
1854879,4
197216,5
232186,5
1508,6
4250,6
664,6
367966043,0
431579,5
527,6
1728,6
68442,5
0,0
1698163,4
4437132,3
22946,5
2334,6
122076943,1
50,8
66091090,2
12144,5
31994,5
152732,5
56159,5
366,7
34474,5
24705,5
142,7
39641,5
4888,6
180727,5
34502,5
42902,5
527,6
20893,5
7166284,3
1271885,4
91,7
921206,4
22354473,2
23647,5
16880,5
10791,6
1172,6
7639211,3
818451,4
4187,6
29190204,2
527,6
662644,4
26047,5
9985,6
1841732,4
20107058,3
1214743,4
10098,6
2814,6
4,10
26852,5
23605,5
495813,4
15234,5
153932,5
3572105,4
31586,5
23605,5
30376,5
51543525,2
10003,6
3355587,4
31677,5
1191995,4
2821671,4
10968,5
9935,6
35051,5
50,8
4235,6
592,6
6434023,3
4954,6
57824,5
16885,5
334,7
40020,5
1914594,4
27965,5
2604,6
9984,6
851098,4
10320,6
4389,6
808727,4
829990,4
54837403,2
49038,5
1248662,4
4187,6
10306,6
31795,5
376571906,0
923,6
13259,5
1424887,4
1209357,4
29417,5
103288823,2
25673,5
5857779,3
23724,5
13259,5
9952,6
35891962,2
12468,5
422,7
57,8
2402,6
48845,5
122,7
53880,5
46648,5
2116,6
1285051,4
93799246,2
10427,6
32279,5
28054,5
23605,5
9171,6
28159,5
22446,5
118602593,1
1418385,4
0,0
22766,5
10828998,3
4122101,3
624,6
379508,5
527,6
4601,6
1,10
35692,5
394,7
13931334,3
84808,5
1982662,4
166,7
406428,5
9952,6
14176,5
4888,6
2041,6
11164,5
14031586,3
1149968,4
9523,6
284,7
4002627,4
10354,6
53682,5
22387,5
2340,6
22946,5
227729,5
174373,5
2317922,4
48852395,2
527,6
349647,5
532231,4
38406,5
131858,5
1415,6
9952,6
2363,6
57625,5
95004,5
455561,4
1691122,4
139755938,1
2362290,4
23225,5
527,6
527,6
527,6
27867,5
12409,5
13259,5
38550,5
2753877,4
527,6
0,0
3867763,4
4504,6
202788657,0
804327,4
15743,5
2023,6
50,8
41639,5
33867,5
69048,5
1203142,4
604,6
26511,5
67934,5
61217,5
751,6
20389,5
12978022,3
0,0
57,8
10874777,3
13332,5
474493,4
12951,5
52224665,2
1156574,4
4409,6
0,0
10224,6
2390,6
61082867,2
189,7
376,7
2776870,4
6,10
9095,6
462,7
2462232,4
19715,5
11372,5
4,10
1898606,4
61762,5
527,6
17827056,3
60740239,2
20472,5
527,6
998896,4
874161,4
38922,5
11737,5
63652,5
33935,5
4840,6
504321,4
382364,5
512582,4
9262,6
2522289,4
1584,6
13087,5
11186,5
909,6
4035699,4
35123884,2
105682,5
385,7
4848669,3
377,7
117407462,1
61783190,2
213,7
17874,5
1273779,4
418670,5
4888,6
372249806,0
2136184,4
10349846,3
810031,4
66,8
11246506,3
376,7
0,0
81,8
186769,5
36164,5
124796,5
17231,5
160697,5
36857,5
37485,5
653,6
94814,5
14810,5
841262,4
1602569,4
232063,5
9413,6
22559,5
591780,4
367400,5
13644248,3
1215785,4
1783,6
117096,5
6,10
9706331,3
272,7
1255845,4
1414210,4
5561365,3
40175,5
527,6
527,6
4824274,3
3607705,4
226670,5
9278659,3
146,7
146131,5
122,7
11085250,3
8234916,3
4425176,3
2648,6
15512,5
7893825,3
10565,6
2803083,4
125792,5
4,10
3673857,4
148453,5
19456,5
527,6
832954,4
1174132,4
2900506,4
2184223,4
133,7
11175975,3
25,9
110410616,1
52196,5
57,8
87,8
11367,5
49036196,2
57483437,2
139034,5
6741067,3
404673,5
3,10
34943,5
46266,5
6925796,3
110,7
2431,6
4,10
450031,4
40,8
372197,5
1710817,4
93453,5
450,7
5051,6
369308600,0
14393,5
104808,5
11346364,3
5,10
1,10
1177249,4
10525259,3
4692,6
75223,5
50,8
42913,5
820,6
56914,5
6264176,3
960,6
36949,5
150520757,1
5311591,3
333,7
1127848,4
67089,5
0,0
148140,5
102700963,2
4978835,3
28,8
9110,6
418,7
2821,6
9657,6
843121,4
11052501,3
25,9
377,7
23941887,2
10968710,3
10669891,3
4244,6
64566059,2
2664751,4
36508666,2
5350764,3
9952,6
1195975,4
798963,4
58959,5
491528,4
20558,5
3259807,4
103477,5
1441936,4
24143,5
5175,6
133258,5
56,8
3781658,4
147434,5
50622114,2
413723,5
78628,5
232186,5
527,6
10000,6
1440885,4
4617209,3
221324,5
527,6
4168681,3
919,6
2407,6
185435,5
1175159,4
15596,5
83626,5
315,7
80617480,2
13259,5
188977,5
3869134,4
82833,5
624474,4
49804149,2
14431,5
1261139,4
181,7
87012,5
0,0
2497370,4
767,6
5550727,3
4967,6
14873936,3
62552,5
1759103,4
1414210,4
17505121,3
544014,4
9278273,3
5513232,3
2023,6
3966515,4
237065,5
25315,5
446573,4
176703,5
90,7
64812,5
3,10
270,7
15427353,3
4394,6
13857,5
256670,5
18807178,3
25671,5
4888,6
54469610,2
81013,5
722,6
17240305,3
75549,5
17711,5
47854,5
59521324,2
49127124,2
1794096,4
19658,5
81,8
1136570,4
102,7
34145945,2
1922517,4
2402,6
53080850,2
2455,6
32405,5
514,7
2059807,4
3998889,4
10206,6
10073,6
2231,6
554,6
8407982,3
876,6
30968,5
4888,6
1141414,4
22362,5
449946,4
3335239,4
1002447,4
0,0
115,7
6792396,3
15920,5
14952398,3
3830784,4
12704,5
28,8
527,6
31987,5
8143225,3
3139014,4
527,6
48334,5
274707,5
1156821,4
68,8
6771722,3
15234,5
29076571,2
527,6
748,6
5195077,3
37413,5
527,6
9552,6
9945,6
12468,5
435,7
377545,5
954,6
85196,5
232,7
181,7
192,7
8089004,3
78188,5
513755,4
4212,6
92137,5
1839743,4
53788,5
14740229,3
41275,5
13267749,3
6899589,3
119672,5
9135,6
48273678,2
28728,5
4200,6
124283,5
140,7
72235,5
1,10
617507,4
109259,5
527,6
53310202,2
122846,5
64954,5
9927,6
282,7
4895,6
9747,6
14958486,3
19782,5
377,7
58723676,2
17413,5
3973643,4
68869,5
282531,5
1872311,4
5693138,3
12212510,3
28,8
22135536,3
435642,4
102679481,2
192,7
26295624,2
67307,5
2522557,4
193739,5
1445833,4
994709,4
96889,5
23116606,2
13092,5
1747,6
11357,5
18675,5
70632,5
5,10
993,6
3217606,4
999902,4
4423,6
174100,5
527,6
1038,6
20880461,3
23605,5
91551,5
188977,5
1152932,4
22681364,2
23036,5
6314255,3
10789593,3
12644,5
1414210,4
2041,6
339,7
2300450,4
9732,6
38329350,2
12144,5
12279,5
1045,6
168512,5
222511,5
9049,6
38162,5
34999596,2
223873,5
392475,5
22249,5
28,8
9557973,3
46266,5
79885273,2
62412,5
86523,5
11740912,3
1020537,4
1206361,4
10721187,3
432817,4
10067,6
271193,5
1730911,4
11175,5
155763,5
15746,5
527,6
37929,5
12298365,3
72055,5
3556345,4
89849,5
1811219,4
47957,5
1403054,4
230154,5
828,6
4888,6
878334,4
425,7
108782,5
1002803,4
12295979,3
9282424,3
4425,6
168,7
12396711,3
25600,5
6393496,3
88398,5
2076,6
118051,5
2748,6
441365,4
42573,5
14630,5
5668734,3
18750103,3
527,6
2032105,4
62085,5
480603,4
20893,5
4813241,3
711,6
176659,5
27779813,2
7472970,3
41641,5
5368911,3
4843116,3
436,7
1809229,4
2606513,4
7256486,3
68150004,2
213,7
87258,5
1638,6
9502,6
3197201,4
17581106,3
848,6
1162701,4
222051,5
10489172,3
69363,5
527,6
0,0
76081,5
1211488,4
652904,4
61007,5
70463,5
480368,4
91572,5
1156957,4
28,8
46842617,2
50,8
24705,5
924979,4
12277,5
20706771,3
12144,5
4,10
732,6
527,6
75575,5
596909,4
885,6
85064,5
1166803,4
4212,6
113,7
50,8
4666,6
12211,5
2665309,4
4187,6
6135809,3
1205000,4
845223,4
22615,5
28,8
380622,5
30282,5
15052002,3
8975,6
13735249,3
181,7
68963,5
66512804,2
16144851,3
1010042,4
2859939,4
23201980,2
17084358,3
80,8
57787,5
10957,5
81554,5
809883,4
825091,4
26371473,2
24705,5
8209087,3
2245345,4
1895,6
28,8
2775809,4
4423,6
37328,5
5,10
125,7
16266,5
68056366,2
1930067,4
256943,5
9955888,3
1010042,4
10240028,3
237924,5
156743650,1
2781249,4
4,10
9664,6
253444,5
527,6
448580,4
1843787,4
14480,5
105974,5
348,7
6675985,3
527,6
66,8
10761,6
10752,6
24871,5
9714,6
817932,4
5503849,3
57203610,2
527,6
2411,6
50442,5
730,6
620336,4
112523,5
34744,5
10021,6
232186,5
58,8
9964967,3
15481,5
190,7
527,6
273591,5
34474,5
732,6
155576,5
26661,5
4684604,3
50998,5
1125770,4
19494876,3
1548930,4
182,7
1736318,4
288,7
34943,5
2769163,4
158171,5
61316,5
166,7
1437024,4
40132585,2
6359550,3
65895269,2
15718154,3
1414210,4
236777,5
0,0
46981,5
278,7
10828584,3
10596,6
66,8
527,6
18187,5
527,6
20769204,3
95147405,2
101852,5
1197725,4
1513602,4
5,10
764,6
157,7
43345,5
10201,6
2442978,4
10536,6
53493717,2
814964,4
620336,4
4418,6
831407,4
232728,5
4027208,4
32743033,2
52610150,2
34059,5
30719,5
527,6
113,7
134541,5
25672,5
2041,6
32744579,2
13748804,3
1183265,4
74321,5
18040,5
25454304,2
819954,4
383,7
232186,5
87,8
93883452,2
9425492,3
1441213,4
512,7
1547348,4
1383521,4
5162,6
26076,5
3200716,4
527,6
30857,5
79742,5
4,10
1126481,4
2732846,4
377,7
13448,5
1001513,4
4515201,3
16620,5
63849,5
820076,4
1551,6
126,7
214355987,0
1829505,4
376,7
3629563,4
15753948,3
34903325,2
35961,5
166,7
266794,5
1357,6
334,7
25083191,2
1609852,4
15956,5
24400706,2
406659,5
20718,5
182523,5
1607012,4
17717,5
2215632,4
36585,5
15878,5
2585741,4
2248636,4
161228,5
16467089,3
192044,5
128694,5
376,7
16329,5
10903,6
821072,4
116230299,1
232186,5
41684,5
0,0
32274,5
2453935,4
807515,4
9376,6
2143467,4
253631,5
4283143,3
12863,5
232186,5
24705,5
837276,4
232056,5
9664,6
4879,6
807543,4
1165291,4
18812,5
2145483,4
16967,5
40755,5
34132,5
16994104,3
8650608,3
9638444,3
457198,4
1191256,4
20578,5
683,6
385885,5
184746,5
4212,6
2023,6
0,0
5,10
468,7
44928,5
1063,6
3679073,4
121836,5
450861,4
1437348,4
1480,6
122281,5
4801437,3
885,6
18215,5
128722784,1
779,6
19291,5
18875,5
5522302,3
104176,5
12820,5
3558535,4
275,7
17343,5
1837795,4
8183522,3
32089866,2
90,7
356639,5
1122430,4
62845926,2
12028,5
50120441,2
4187,6
1613642,4
2073,6
4327986,3
4329,6
12069477,3
1,10
54758,5
127896,5
2411,6
170023,5
844068,4
4888,6
16222,5
2759000,4
848,6
4212,6
121,7
527,6
527,6
527,6
2728,6
4,10
1138406,4
19025539,3
33497801,2
15234,5
25569,5
219885,5
4888,6
32989061,2
47747175,2
9101,6
40774,5
13825,5
2336200,4
15800,5
527,6
4669,6
58702,5
632221,4
70380,5
23102,5
39277556,2
4520,6
233857,5
158062,5
13259,5
291,7
181,7
2451911,4
3676183,4
941,6
1337632,4
990,6
11466,5
78147,5
11396,5
143930,5
4768,6
13525,5
3,10
14153,5
1211765,4
10067,6
874495,4
12542652,3
95112,5
99632,5
0,0
43798,5
4603,6
1473814,4
95112,5
44967,5
60462468,2
13934,5
48427083,2
39641,5
35852387,2
230530,5
2431,6
829168,4
13893,5
13134,5
709591,4
4,10
13087,5
527,6
527,6
51285648,2
176648,5
4,10
195,7
10968,5
36563744,2
0,0
24705,5
42190,5
61429,5
15776,5
10255,6
2396,6
9212,6
885190,4
5324338,3
37380,5
1223972,4
80,8
877059,4
0,0
350009,5
527,6
3,10
3005160,4
26577,5
9200,6
70928,5
22558,5
22875,5
20893,5
12099633,3
259,7
10913753,3
2023,6
2782463,4
10199,6
21684,5
1945296,4
30110,5
1470007,4
259,7
816625,4
265947,5
484051,4
4,10
105692,5
15380,5
27947,5
455592,4
9227,6
28157,5
252371,5
6295175,3
12000229,3
170,7
0,0
11195530,3
394,7
16894438,3
471260,4
288,7
0,0
10067,6
7074097,3
232186,5
27746,5
527,6
82690,5
2156874,4
255492,5
1895,6
90,7
80419,5
57,8
276713,5
5932095,3
24937,5
151053,5
12061,5
4888,6
1941788,4
16318,5
413,7
17792,5
9362,6
30710,5
47076,5
8,10
10023,6
13968,5
116058,5
8408859,3
255177,5
61229,5
297,7
31092,5
11867886,3
527,6
11660,5
11939946,3
16196,5
13810,5
1922517,4
2773436,4
6991617,3
33727,5
5,10
378385687,0
1411415,4
366,7
26248,5
7040068,3
1795271,4
11209,5
1263608,4
9322,6
850708,4
29167,5
1984,6
232186,5
2956590,4
9459,6
9657,6
482936,4
54031878,2
4888,6
22793059,2
2185365,4
495813,4
376,7
1466376,4
2485600,4
16240,5
1165,6
0,0
393329,5
18550801,3
8755960,3
527,6
29742,5
998396,4
5258094,3
1855204,4
9660875,3
75408,5
2116,6
21252,5
802080,4
2149823,4
9447,6
604,6
14015640,3
11514,5
744,6
1270234,4
527,6
15054,5
356699,5
25,9
1854820,4
270944,5
626746,4
40470,5
1991,6
10039,6
12686810,3
49999,5
7648077,3
279,7
4026889,4
811230,4
2041,6
69059,5
1,10
10551,6
24705,5
335,7
3861078,4
93682575,2
527,6
2606513,4
129359,5
366,7
98262,5
190,7
7639211,3
11240,5
21815,5
2472,6
19445175,3
50,8
32841,5
1374180,4
113,7
5398665,3
147995,5
26248,5
527,6
527,6
1217878,4
11020,5
4661,6
10241,6
11449488,3
990870,4
43122,5
12575,5
4314781,3
11169,5
20090563,3
12097129,3
532,6
44152,5
1949346,4
25201974,2
2402,6
15193958,3
17670,5
73608,5
64484813,2
475693,4
35746,5
2859,6
5464444,3
11305,5
89108,5
186439,5
57,8
30390,5
4275726,3
5647297,3
20,9
13968,5
431958,4
11866243,3
10091,6
6685812,3
872424,4
20613,5
4690868,3
0,0
427,7
192,7
141925,5
420351,5
1401119,4
1794096,4
21805,5
78188,5
1822742,4
28,8
63272795,2
42839,5
21467477,3
9834,6
160,7
2362290,4
0,0
43744,5
12144,5
66687159,2
11458171,3
840413,4
12376,5
1178620,4
14810,5
12144,5
1710065,4
968,6
4633193,3
367464,5
5241,6
67905806,2
11669,5
1758688,4
106512,5
1804957,4
1239803,4
9754,6
2838661,4
2507,6
12932238,3
365066,5
158,7
28593,5
9295,6
69812,5
2737656,4
1193334,4
9061,6
4,10
246083,5
37662880,2
5042562,3
151593,5
26391833,2
16881,5
372639015,0
5060074,3
706018,4
9452,6
26818,5
15348,5
8594151,3
533,6
188977,5
5045,6
9714,6
409455,5
10441520,3
1696064,4
393,7
1209050,4
6990501,3
841857,4
1235104,4
111012,5
4235,6
2190274,4
2930861,4
47666650,2
31369,5
1258083,4
45,8
166,7
1894272,4
11132,5
2880697,4
297829,5
7967298,3
28,8
42377,5
1282679,4
2743,6
2130634,4
2511525,4
47506,5
91978,5
3180250,4
106887,5
4793079,3
9196,6
114476,5
22148788,3
5336066,3
9952,6
27255193,2
373006333,0
18989602,3
16880,5
10498,6
772998,4
164071,5
10418,6
20124,5
4435,6
14079,5
436,7
536,6
335,7
31764,5
813711,4
19344,5
2041,6
11215,5
13867282,3
178,7
16786,5
6812040,3
1028755,4
52146769,2
158444,5
834452,4
712912,4
47653201,2
1,10
2280993,4
1127678,4
125978,5
141497,5
11118,5
1788892,4
5,10
1414,6
1478332,4
10337539,3
1783,6
12188863,3
80,8
11432,5
9935,6
2231448,4
2054474,4
527,6
299696,5
3,10
135227,5
26330,5
527,6
1,10
4212,6
477920,4
590,6
200,7
23078,5
66,8
5,10
4212,6
52384435,2
1488838,4
4220,6
14518,5
12303,5
19200,5
66714432,2
1264737,4
4,10
2820463,4
21456155,3
12144,5
10525,6
1353540,4
4888,6
162101,5
2882449,4
24915,5
23875,5
6162802,3
154952,5
10117,6
1129032,4
2023,6
7397288,3
1657174,4
61061,5
2890627,4
13386,5
148016,5
17256,5
832654,4
57471,5
11961165,3
9488320,3
2753877,4
12292,5
651553,4
10625,6
66,8
931,6
13134,5
807180,4
1486,6
30535,5
16591071,3
92188,5
11191,5
202433,5
4103778,3
90,7
6812554,3
15234,5
250,7
28,8
272498,5
24563,5
36719,5
129986,5
16329,5
11494,5
18857,5
120,7
50,8
85038,5
217614,5
594799,4
10067,6
2756,6
2768,6
39124323,2
2796296,4
10649065,3
764,6
68209,5
994036,4
28,8
42063,5
4437132,3
4256,6
988,6
9950,6
283575,5
232186,5
613312,4
15331693,3
55140,5
5952318,3
9331,6
269537,5
10135,6
1358797,4
181,7
5375913,3
5849827,3
18281,5
1157139,4
993,6
25996274,2
217094556,0
23605,5
19909613,3
89,7
10197,6
84536,5
45986,5
8116630,3
1457502,4
13934,5
86473,5
12144,5
7775018,3
5170,6
12468,5
59653820,2
2873091,4
9521,6
6173784,3
14376,5
4423,6
646,6
1218054,4
5949031,3
27856,5
11118,5
2346080,4
94501707,2
12517,5
33,8
58023215,2
1043,6
29044,5
1,10
342,7
12801,5
48969,5
433723,4
74449,5
824436,4
93789511,2
411889,5
54470981,2
8727953,3
265561,5
0,0
527,6
15704,5
4245,6
527,6
124697,5
11746083,3
81,8
127591020,1
184738,5
19503,5
1448891,4
4888,6
1480836,4
22352,5
288,7
34948739,2
1615677,4
1135430,4
1263256,4
15262983,3
1586183,4
1452538,4
527,6
527,6
477068,4
19117,5
1187358,4
9061,6
9619,6
14058,5
135335,5
31902,5
4316,6
241266,5
181,7
50965,5
988,6
97121,5
192,7
229947,5
15800,5
4888,6
1244051,4
1,10
15776,5
118853,5
4888,6
681598,4
12159042,3
2448408,4
826,6
4173136,3
22823,5
13322,5
60938,5
20,9
14683,5
35891962,2
121735,5
840451,4
1497774,4
48087627,2
3323876,4
15773,5
0,0
2023,6
50,8
386,7
50,8
8775661,3
4418,6
9169,6
1480836,4
249558,5
4,10
2100,6
371984394,0
11433,5
3146941,4
1662828,4
58607,5
30535,5
38469,5
68349339,2
4212,6
527,6
12764,5
20,9
49493686,2
25414679,2
1,10
61862,5
21496054,3
43153,5
5266853,3
4553,6
3314482,4
4724,6
16666,5
4418,6
12613,5
11037,5
10945,5
15746,5
3507424,4
4242,6
6656921,3
1427178,4
3,10
9664,6
846,6
505855,4
22558,5
28,8
830491,4
2696,6
245730,5
13308,5
377,7
66,8
15577,5
7537351,3
683,6
527,6
8704585,3
12468,5
40214,5
1174020,4
136842,5
28978,5
11958754,3
164888,5
4878,6
89187,5
5,10
435,7
33,8
2556672,4
7750607,3
1302,6
15776,5
58807,5
1103091,4
9952,6
1402854,4
12202,5
20061783,3
191,7
1240071,4
2181710,4
55283,5
20578,5
242401,5
101852,5
49826010,2
18062,5
0,0
831737,4
11430,5
1645,6
258411,5
282,7
268310,5
172,7
29469,5
19773,5
113,7
89841,5
9326,6
81938,5
1478476,4
90,7
129435,5
2829616,4
69500980,2
206535844,0
124438801,1
8,10
12028,5
35440,5
101666165,2
43122,5
127461,5
30255,5
4498,6
1668,6
29655,5
3376613,4
4310298,3
527,6
21135,5
1327,6
9275,6
3,10
161482836,1
9952,6
71374065,2
151454,5
232186,5
3189756,4
26373888,2
352,7
239734254,0
23934832,2
527,6
5666841,3
133809797,1
4967,6
1043,6
200,7
62552,5
527,6
4235,6
12348407,3
190,7
41074,5
91,7
145538,5
1167576,4
347257,5
57789544,2
51097812,2
15843516,3
29883,5
57749,5
1783,6
4271,6
34787,5
527,6
277,7
33727,5
244424,5
15391798,3
10004,6
105180,5
13705902,3
35932546,2
12322807,3
5070847,3
4715,6
668,6
2604,6
171501114,1
24898,5
3637831,4
6396639,3
9138488,3
3628127,4
257147,5
377,7
4235,6
25149,5
8945780,3
207,7
57,8
4899,6
2139073,4
38315371,2
16949,5
10063472,3
25524975,2
195739,5
379556,5
830431,4
69064248,2
28618,5
1229,6
9949224,3
2672703,4
376976,5
4884108,3
2219018,4
22111,5
32445244,2
230154,5
21908,5
3821979,4
115657906,1
235,7
2334,6
48366,5
59067,5
2455,6
11907726,3
149571426,1
575839,4
102405,5
1705681,4
3821523,4
13909,5
474,7
1217702,4
50995,5
87502,5
524486,4
1487475,4
3779614,4
16149941,3
1749,6
23721,5
45670,5
9169,6
68553705,2
35855717,2
4212,6
4233,6
1,10
0,0
53120,5
27770,5
5175,6
1221,6
0,0
74118774,2
151791,5
449894,4
4619952,3
48463,5
15800,5
5186637,3
1353679,4
4059933,4
69161,5
2402,6
15663,5
992,6
37524,5
36393,5
10234,6
142,7
1595001,4
51605,5
20196999,3
40,8
1312,6
167257,5
13771,5
4580,6
161245,5
302,7
342,7
15096,5
4,10
232186,5
381,7
13178262,3
123720,5
1142762,4
8183522,3
176130,5
50512690,2
20382341,3
73547,5
5575849,3
75171,5
10224,6
1368591,4
6801261,3
422856,5
2775183,4
1456,6
527,6
1430070,4
128823,5
9061,6
62552,5
23099158,2
176404,5
1251433,4
259,7
1457910,4
30913,5
2796938,4
532,6
1480836,4
1414210,4
1123107,4
7386420,3
73235,5
20613,5
1154429,4
9396,6
146531,5
200,7
185141,5
61226,5
20,9
2930861,4
404669,5
1,10
19123377,3
105154,5
50,8
849074,4
418,7
994,6
7934647,3
18081,5
193110,5
1291,6
45056,5
73665,5
0,0
4950574,3
8153905,3
2768,6
24459,5
9520,6
1620,6
5361700,3
483688,4
412,7
5,10
2334,6
13259,5
12798,5
6005792,3
527,6
10297,6
8426339,3
10511,6
845488,4
873930,4
1757709,4
6105167,3
41150,5
2402,6
122352,5
28,8
73,8
36,8
15499528,3
9582,6
7851931,3
4,10
95214,5
168,7
2174869,4
1020797,4
89988,5
108094,5
527,6
14810,5
30535,5
15776,5
1,10
35273,5
34924,5
20,9
4467506,3
83281857,2
28688,5
53458,5
4432242,3
232,7
1216,6
4692694,3
1782869,4
13259,5
80688,5
1214978,4
353530,5
1737658,4
673620,4
1251734,4
1624288,4
136188,5
9416,6
5077966,3
527,6
9109198,3
184704283,1
14078,5
1840404,4
105590262,2
16949,5
0,0
2368782,4
6735460,3
241,7
15234,5
38944,5
99927111,2
0,0
18703,5
249,7
1219625,4
527,6
4212,6
15833,5
35923,5
8583186,3
666979,4
30762,5
31246,5
5777012,3
46025,5
1414210,4
135744,5
25805,5
1,10
446,7
402971,5
1191987,4
55651,5
1130525,4
56808048,2
27608657,2
4349005,3
2484659,4
2599,6
21380,5
65662,5
1248932,4
172095,5
1677,6
3817440,4
57462,5
3673120,4
5031,6
1723170,4
433861,4
626746,4
16949,5
527,6
179170,5
13037,5
9831,6
1513337,4
10137,6
5248,6
30255,5
45281,5
2433,6
13508,5
15,9
90346,5
181,7
140645,5
3267989,4
5494675,3
2240940,4
13233,5
22871,5
91,7
1892533,4
24570877,2
25642,5
57086467,2
9295,6
372652,5
4244,6
12483326,3
2526709,4
405,7
77649,5
133949,5
9512,6
54780,5
411614,5
78093,5
452,7
527,6
2548632,4
179824,5
527,6
39339,5
14302,5
4,10
1894381,4
249,7
17698,5
16949,5
34689,5
21917370,3
527,6
3656316,4
19459,5
427,7
7156025,3
643605,4
181,7
81183,5
53137,5
527,6
88434,5
115839098,1
104459,5
1832885,4
128033,5
70052,5
527,6
56727636,2
16639,5
15935365,3
2455,6
180389,5
10997,5
9351,6
11826342,3
0,0
1357820,4
181,7
835190,4
10003,6
572,6
15844,5
16214,5
93827042,2
52868,5
10039,6
1370330,4
3792960,4
60077211,2
4888,6
527,6
24705,5
1446270,4
3,10
70805,5
2977789,4
4861,6
6773670,3
12583,5
81,8
19200,5
85890,5
832954,4
459530,4
12801,5
3038400,4
376346,5
70352,5
18357,5
868068,4
459,7
165024,5
10456024,3
107220,5
1221386,4
1746795,4
79562,5
350643,5
38571,5
70529953,2
1516619,4
23934101,2
30219,5
60746,5
364,7
24997,5
21921007,3
163171,5
1256354,4
0,0
2394,6
9396,6
108358,5
620336,4
4967,6
14810,5
2890955,4
1623,6
1084,6
4,10
527,6
15224,5
827492,4
20312,5
369407987,0
527,6
29250,5
275087,5
21449,5
168502903,1
59024518,2
1207898,4
121,7
28,8
24705,5
232186,5
4553,6
242055,5
32587158,2
163171,5
279,7
595041,4
1463287,4
865383,4
166,7
533,6
129256,5
60246,5
22723,5
58053,5
435275,4
9061,6
484986,4
1823881,4
12144,5
11597,5
3894817,4
8884684,3
170888,5
236455,5
1291,6
11172,5
4,10
3951433,4
1157078,4
17195372,3
70194885,2
116066981,1
2507,6
5,10
527,6
1187252,4
21449,5
333,7
8,10
137023,5
10427,6
78,8
527,6
141737,5
750,6
55920507,2
9657,6
1978490,4
25232486,2
1,10
1265037,4
36341,5
9993,6
50,8
4888,6
14406,5
225799,5
1804783,4
1662213,4
1456,6
1869467,4
10144898,3
805444,4
4418,6
90,7
48906,5
33618,5
27092,5
124955444,1
11989,5
4212,6
18129,5
372149,5
176530,5
105154,5
2516,6
9200286,3
2023,6
24705,5
7207119,3
3608722,4
5658163,3
113446123,1
9566,6
233239,5
10968,5
264208,5
80874,5
6818412,3
128415,5
527,6
9584,6
10287,6
4536,6
9169,6
259,7
851702,4
11750804,3
66,8
10638,6
18705632,3
1138325,4
68089687,2
2899160,4
1152778,4
12144,5
2023,6
80,8
1250832,4
158624,5
236639,5
4,10
5305659,3
1903947,4
0,0
213789769,0
4684,6
21772,5
807727,4
50,8
4,10
10067,6
45,8
192,7
49988723,2
9487548,3
8886132,3
7748374,3
3889344,4
9175,6
11914276,3
890728,4
41202,5
527,6
5522302,3
92406,5
1270,6
2515038,4
564,6
59999071,2
50714075,2
30562,5
0,0
488068,4
90144,5
172687,5
5206963,3
14830122,3
0,0
366,7
3,10
30833,5
4437132,3
33246881,2
16266,5
527,6
24705,5
527,6
54100,5
10327,6
489538,4
177556,5
12144,5
12999,5
15695,5
57068,5
87,8
29548,5
28271,5
6174834,3
1405635,4
68933,5
14391156,3
19847,5
9935,6
1766788,4
527,6
4,10
8745728,3
1222207,4
6940150,3
1419756,4
11346,5
141661,5
376,7
38372,5
55724,5
160,7
16749275,3
42237,5
369,7
30459,5
527,6
188977,5
4137507,3
122862701,1
4179754,3
6312883,3
646,6
507378,4
1791173,4
342,7
1413892,4
17434,5
4212,6
4723771,3
65,8
62684,5
50,8
27235,5
2809864,4
9480021,3
5486335,3
6162640,3
575839,4
181,7
68,8
674174,4
455839,4
11022385,3
422,7
120,7
1625615,4
7836307,3
418948,5
840987,4
4888,6
15800,5
996986,4
24711,5
89263742,2
1211034,4
80,8
54061968,2
15421415,3
12144,5
9447,6
2591,6
22719702,2
207,7
1895809,4
192407,5
8993,6
12975,5
373348226,0
33900,5
4888,6
200441,5
11315,5
859177,4
527,6
1848083,4
4864,6
57,8
1266561,4
282679,5
4,10
17903,5
32410,5
2668703,4
291,7
9924,6
527,6
10369,6
3549851,4
33621,5
81,8
60075770,2
1527778,4
2402,6
796991,4
4898106,3
1876756,4
181,7
11573,5
94417,5
158,7
1075,6
4,10
232186,5
527,6
4197,6
133,7
485781,4
50,8
1829632,4
35652,5
807913,4
4259,6
13870,5
4003309,4
4576,6
12144,5
22759,5
13641,5
732,6
504382,4
527,6
72235,5
2041,6
231186,5
19351,5
687,6
2622955,4
1485,6
163525,5
188977,5
2130609,4
11796383,3
1131286,4
527,6
527,6
1471,6
104176,5
70743,5
1264958,4
38373,5
140,7
10184,6
1916506,4
1855113,4
23021956,2
20598154,3
1458789,4
170410,5
11594620,3
113244,5
234303,5
4888,6
66,8
39060,5
125,7
9952,6
27507228,2
2768010,4
68339,5
166,7
475,7
364,7
90,7
0,0
664,6
61519,5
1177054,4
17540897,3
13497,5
219481,5
494,7
16264973,3
8,10
50,8
23660,5
2411,6
1873903,4
499,7
20891985,3
200,7
63750,5
404,7
561238,4
133352,5
15701459,3
1731,6
288,7
25535341,2
15251,5
227729,5
18648,5
501808,4
7657784,3
1135387,4
519361,4
25071,5
282,7
646,6
91,7
2210470,4
14271,5
10067,6
9141,6
536052,4
8148865,3
153981,5
277312,5
14131,5
1485,6
21335,5
21990723,3
1441990,4
14569,5
9169,6
1139625,4
524,6
1989160,4
8377914,3
517675,4
106260307,1
2444237,4
4684,6
3894139,4
425,7
8415159,3
11491,5
2775183,4
1787225,4
1491359,4
6659953,3
9321,6
463643,4
188151366,1
527,6
575839,4
1814872,4
1199635,4
53124442,2
3642426,4
619017,4
1559,6
10731,6
39429,5
51507,5
4746928,3
1748359,4
1291096,4
86228,5
13259,5
803,6
2551720,4
3431153,4
2192,6
25284,5
527,6
886583,4
1813031,4
9952,6
2290249,4
9257,6
28703,5
10091,6
266458,5
109,7
9993,6
35260,5
320,7
0,0
13959,5
129081,5
1907348,4
23933349,2
60843231,2
463,7
11009337,3
578032,4
62552,5
124955,5
335,7
9862851,3
8130094,3
275,7
24705,5
2243102,4
9885,6
42063,5
14810,5
10370,6
10730422,3
62552,5
4473354,3
4613,6
4,10
100555149,2
181,7
357067,5
9552,6
12270,5
42054,5
13746,5
21029,5
1690713,4
4,10
12144,5
5010744,3
118191,5
52852030,2
36857,5
9362,6
1238577,4
12154019,3
1092,6
82532,5
171097,5
1979432,4
1882189,4
899,6
231231,5
848,6
6987134,3
139451,5
24370,5
3705002,4
42730,5
50,8
152,7
18062,5
13934,5
51716,5
481780,4
31083,5
17776253,3
49813703,2
232186,5
342,7
5701837,3
1423512,4
46266,5
324,7
4967,6
133,7
16104491,3
2239981,4
9364,6
32170736,2
365579,5
158,7
57468199,2
2768010,4
18289,5
486424,4
50224896,2
32316,5
145,7
8575059,3
11660,5
28,8
2471503,4
220791,5
2402,6
869908,4
24705,5
112772482,1
68164471,2
24705,5
2635662,4
2907497,4
8,10
1129446,4
3,10
0,0
265080,5
25729,5
10039,6
10669,6
4,10
27458121,2
24937,5
200,7
5884336,3
162337,5
28,8
16949,5
1283190,4
1453,6
1747,6
454620,4
9326,6
160,7
4277,6
377,7
20893,5
20405,5
37299,5
10946,5
9092,6
39395,5
2729546,4
10407,6
181,7
88453036,2
527,6
64519,5
527,6
18012,5
9322,6
527,6
37811,5
11834334,3
94569,5
533517,4
4946,6
102186,5
10712,6
1413097,4
145538,5
5,10
2813393,4
2878568,4
61210960,2
11396,5
142292,5
144183,5
791893,4
80874,5
15839,5
454790,4
246085,5
1729897,4
9952,6
3808540,4
77969,5
11624,5
27798,5
66026,5
27090354,2
52264626,2
64252,5
113,7
1122107,4
39285,5
1924640,4
847929,4
5074998,3
115393,5
8409455,3
4836,6
62552,5
3288580,4
262395,5
5060074,3
232186,5
11254,5
748,6
270,7
13205340,3
1,10
1226729,4
346,7
40613,5
145,7
5126049,3
50,8
2366520,4
10507,6
4521,6
9094,6
72413,5
129359,5
70052,5
38086905,2
4431,6
527,6
527,6
369797301,0
0,0
3331949,4
653712,4
1,10
3692762,4
3277054,4
33043,5
505,7
65722,5
2814882,4
298816,5
13443376,3
5043896,3
2532,6
810667,4
21223768,3
637126,4
232186,5
1333,6
675,6
48130,5
527,6
12237,5
25,9
227911,5
65584,5
240635,5
38216,5
15,9
6516339,3
25,9
20506,5
0,0
15800,5
124005,5
144816,5
15234,5
2282272,4
833273,4
3308043,4
390,7
413,7
9952,6
748,6
50,8
13460180,3
24212,5
9275,6
275347,5
14810,5
66,8
12517,5
67510825,2
9281,6
15833665,3
4,10
18878,5
123,7
40,8
14431,5
527,6
20893,5
57,8
1293345,4
239903,5
186860183,1
73430,5
137788310,1
1463203,4
4822329,3
14368,5
2411,6
44627,5
0,0
1755178,4
377,7
2243672,4
2228401,4
6610826,3
20,9
1476783,4
14345,5
4187,6
166,7
62552,5
28,8
2603364,4
899,6
126,7
810718,4
4342,6
11970613,3
10071219,3
41952,5
30087,5
1327,6
54780,5
1783,6
21521,5
111966387,1
49602,5
18393,5
3,10
180738,5
150813369,1
1532382,4
31764,5
2839705,4
6396460,3
4187,6
7857721,3
79862,5
1731,6
1677294,4
199700,5
60406,5
44296,5
226528,5
3,10
15030333,3
62366340,2
5924624,3
15147,5
16949,5
3608663,4
259,7
377787,5
162373,5
4212,6
87794,5
20107,5
3690825,4
7353910,3
67636,5
28034534,2
55019,5
380284,5
21757,5
16837,5
10000,6
1690461,4
6145742,3
28,8
21752628,3
9997,6
9429212,3
282543,5
11858,5
40,8
2448491,4
59419,5
9307,6
415764,5
20502,5
9171,6
11125539,3
17104,5
1780232,4
26098774,2
436,7
12999,5
23092,5
4407,6
84544,5
4187,6
91280,5
168288,5
5140097,3
68292083,2
2743,6
619997,4
371750704,0
1425459,4
46846544,2
705559,4
17104,5
2882449,4
22511,5
232186,5
34071459,2
15838,5
13936,5
566743,4
2878050,4
245,7
28688,5
17434,5
28,8
9137,6
531,6
106066,5
1864565,4
1845,6
2440899,4
10067,6
15363,5
2510093,4
2283342,4
122171,5
60406,5
3523132,4
22589,5
269,7
790414,4
31918,5
527,6
835459,4
13951,5
74589,5
4606098,3
157850,5
6657762,3
513755,4
527,6
25,9
438288,4
15800,5
92137,5
878,6
66831,5
376,7
13980,5
2768,6
218696,5
282,7
1200069,4
527,6
2770848,4
4527,6
364578,5
431661,5
527,6
664,6
4,10
1007125,4
227729,5
1229831,4
1464585,4
85,8
130183,5
449,7
10633,6
238277,5
2821902,4
11005,5
6406977,3
1019,6
3,10
1004720,4
88475,5
3881423,4
1423,6
47001,5
15651,5
13965,5
77774802,2
4142990,3
288,7
1130525,4
1123129,4
10531580,3
8450858,3
350,7
20893,5
79023,5
1781702,4
2247775,4
954,6
527,6
25738,5
527,6
494036,4
3117693,4
66,8
87952,5
931,6
2023,6
4560,6
1,10
57,8
141,7
4,10
21261208,3
1213614,4
30223,5
86052,5
4314781,3
11448,5
5436891,3
11216451,3
40242,5
140536,5
527,6
19175306,3
17312,5
527,6
1227102,4
101852,5
218070,5
40320,5
7638692,3
7691816,3
15776,5
4,10
26852,5
653,6
62552,5
142895566,1
4380551,3
818518,4
5484222,3
263271,5
426516,5
193493,5
79891,5
9641,6
1515159,4
22947,5
568985,4
12144,5
4888,6
96297,5
1351,6
46849,5
372652,5
26106443,2
805456,4
620336,4
3541007,4
74671225,2
1525,6
1150584,4
3295661,4
1234445,4
13172002,3
15168,5
4187,6
3764314,4
1604049,4
375,7
37017783,2
527,6
4888,6
95832,5
4291235,3
49999,5
2608898,4
814964,4
1487,6
78153,5
998,6
2041,6
46981,5
27775041,2
15251,5
24563,5
4888,6
9100,6
20499463,3
9061,6
35590,5
436,7
1382698,4
70,8
24064,5
303,7
21547,5
1203142,4
383,7
16035109,3
20914,5
152459,5
265080,5
9295,6
19210,5
24136,5
10172,6
53546352,2
9477,6
3777347,4
527,6
2629299,4
420231,5
10461933,3
18931,5
4082760,3
3902072,4
23018,5
9471,6
57,8
16949,5
2368782,4
527,6
39443,5
52610150,2
2877743,4
9492,6
818338,4
16301,5
13160,5
12144,5
9524,6
59859,5
158425,5
18357,5
343363,5
4500,6
2571794,4
225991,5
4888,6
219,7
1122116,4
512,7
49665,5
13542,5
87172,5
4627367,3
24777411,2
31841,5
9778,6
2814,6
15697988,3
181,7
10137787,3
357509,5
139801,5
11975,5
35692,5
4157,6
1,10
12972585,3
17748,5
1747,6
1581361,4
2195582,4
27860764,2
15536,5
63852,5
137948,5
223238,5
58,8
0,0
815269,4
40323283,2
17275,5
61154401,2
9333706,3
103382,5
288,7
95276,5
23933544,2
25,9
22014160,3
11881,5
152447,5
60594191,2
2579383,4
527,6
8550059,3
405280,5
527,6
10230,6
12542652,3
15596,5
51128939,2
2710,6
409395,5
527,6
1183604,4
1,10
5,10
89555,5
9942073,3
9031,6
1080,6
1125983,4
80,8
5851334,3
9501051,3
3546073,4
173980283,1
25,9
180693,5
11363,5
29873,5
14485,5
4424,6
21199735,3
35073634,2
2297608,4
1245704,4
5,10
9061,6
44540,5
5245,6
1749,6
84849,5
2271876,4
1249057,4
22057791,3
29387,5
48757,5
42190,5
1786739,4
14905,5
1138248,4
34692,5
9169,6
3211285,4
82,8
12113,5
4238988,3
17002,5
12468,5
0,0
4,10
92683,5
13206,5
129359,5
220845,5
227729,5
221384,5
166220,5
49930424,2
11005,5
253,7
20893,5
4,10
527,6
11311,5
19275,5
1403650,4
19041,5
13896809,3
13934,5
527,6
143414524,1
12144,5
64923252,2
1414210,4
57,8
125147,5
176814,5
57,8
475,7
4888,6
457951,4
19200,5
37357945,2
13857,5
13726443,3
16927,5
189,7
232186,5
527,6
17653,5
1198319,4
232186,5
125209,5
1562844,4
24522699,2
9184,6
9693,6
57771,5
1229489,4
2250898,4
85348,5
4794564,3
80848,5
12731,5
19022,5
860544,4
2402,6
1487557,4
95789,5
808071,4
43537,5
1681733,4
16194,5
4367399,3
113,7
14599,5
4233,6
35961,5
40333,5
4735820,3
5511619,3
3221605,4
9061,6
35986104,2
8325503,3
39564,5
295372,5
9722938,3
75069,5
53051,5
8900615,3
1152778,4
7883114,3
73901,5
12517,5
1709194,4
61418,5
80,8
27166857,2
3,10
2895,6
50,8
19579358,3
57617724,2
50537,5
18875,5
885273,4
9388,6
10067,6
383,7
35427004,2
155714,5
0,0
5722749,3
1183082,4
42994,5
8294382,3
25,9
125,7
102314653,2
28,8
18215,5
8,10
906228,4
11729,5
1859097,4
122,7
829567,4
2829587,4
1845,6
232186,5
24682669,2
21337,5
352396,5
41305295,2
1414210,4
1589616,4
675,6
245578,5
65146,5
10783015,3
1006091,4
55200,5
1430047,4
12756552,3
2455,6
5349491,3
1360221,4
7203264,3
9886,6
33,8
2443,6
832809,4
9952,6
177,7
2484167,4
546094,4
9576,6
109427,5
13206,5
332,7
232186,5
5482509,3
10509,6
88614,5
8408859,3
309,7
3,10
44101,5
11228976,3
0,0
4471,6
35544,5
47078400,2
4851,6
181,7
114406,5
1596816,4
218821,5
9248,6
1119541,4
37613,5
145346,5
0,0
344,7
3,10
8996,6
13259,5
2604,6
12357,5
19117,5
2411,6
803,6
37463,5
1232790,4
26274,5
1731219,4
1130525,4
1175939,4
20187,5
4699536,3
0,0
4357810,3
68963,5
24570877,2
18243,5
379301,5
807531,4
5040,6
173049,5
5350399,3
855633,4
118006492,1
10551,6
45495,5
472403,4
12461,5
2812208,4
492,7
57,8
20671228,3
92137,5
4796729,3
160,7
32295,5
12144,5
370679142,0
5955721,3
4,10
171287,5
472559,4
140774,5
803,6
22776062,2
21322566,3
527,6
24705,5
16892,5
25137276,2
192,7
12144,5
20893,5
44833,5
332,7
9952,6
11300,5
51038,5
14405,5
80,8
87216,5
133456,5
16714092,3
81115392,2
1090,6
238861,5
168,7
53817,5
674,6
748,6
12117572,3
2402,6
527,6
4732023,3
414414,5
20110329,3
37991477,2
34943,5
0,0
15833,5
10548,6
4851,6
190,7
24178517,2
232186,5
2621,6
20027,5
26074269,2
71043,5
4,10
95302,5
16803,5
423569,5
65492,5
2685328,4
2459,6
366,7
4229,6
10087961,3
2982649,4
7639211,3
1399071,4
3,10
363342,5
2073,6
1072,6
15315251,3
59855122,2
507198,4
105642,5
1359574,4
1501,6
360431,5
4233,6
1167058,4
52602,5
378678,5
0,0
17039,5
19527,5
4629907,3
79310175,2
29054197,2
15800,5
1226575,4
1215935,4
4888,6
335,7
46933,5
1205030,4
84007716,2
92112,5
13442670,3
41759,5
85278,5
1786739,4
252511,5
15807089,3
34214,5
25729,5
52430248,2
8749587,3
2484525,4
71064,5
4087535,3
31959628,2
270921,5
1297637,4
175877,5
11014,5
270534,5
1283739,4
302,7
166,7
58571513,2
3881423,4
4617209,3
100646206,2
1,10
5,10
10594,6
217070,5
192,7
864411,4
5065,6
59342,5
4670,6
232186,5
1142333,4
836,6
20893,5
36405,5
9952,6
11513,5
503530,4
527,6
187037,5
21291283,3
38945,5
2743,6
3,10
11574,5
452,7
1346,6
2549583,4
409395,5
23928876,2
11436,5
13134,5
124698,5
2567,6
13448,5
364,7
369731314,0
24709,5
2266669,4
2371985,4
9935,6
90,7
30667,5
31987,5
2442614,4
27579650,2
1673582,4
1141874,4
130361,5
18325951,3
527,6
20,9
6318130,3
12952,5
5445237,3
90,7
21005,5
1364290,4
45193,5
67495578,2
42573,5
1525,6
19548,5
21675125,3
184632,5
20314,5
7709776,3
10042,6
1705258,4
1618,6
6358338,3
232186,5
436740,4
831737,4
28,8
52610150,2
9212,6
160,7
5233,6
101359,5
29387,5
882619,4
2734333,4
10906,5
1738,6
29250,5
23220831,2
61158,5
12561,5
3284000,4
4888,6
15931591,3
9167,6
79683023,2
5695433,3
209,7
527,6
78166,5
418,7
11332,5
570,6
2981859,4
4772,6
2047,6
2206934,4
1174719,4
26742,5
12144,5
62181,5
69798,5
13231445,3
4843116,3
2451911,4
1803020,4
5332772,3
170318,5
454339,4
150001461,1
1,10
67024187,2
16041,5
50,8
28126678,2
5,10
9187192,3
14405,5
68376,5
12425752,3
33942,5
12144,5
16881,5
15768,5
1456,6
5169,6
58097660,2
24444,5
1,10
1740330,4
63226789,2
189,7
1809229,4
527,6
4888,6
110811,5
1980401,4
93398,5
108656,5
1047,6
2750236,4
12499,5
1163123,4
370,7
356710,5
860784,4
20103443,3
978,6
48772,5
2053189,4
9280318,3
15596,5
200,7
0,0
36810,5
185618,5
2314667,4
171632,5
230154,5
67817,5
1919136,4
42190,5
17573154,3
4588,6
11367,5
377,7
426,7
388249,5
814889,4
178539,5
3957873,4
1440523,4
64252,5
13048,5
1,10
335,7
11807,5
0,0
1855816,4
53637,5
1180533,4
32850,5
527,6
4888,6
5,10
8104461,3
1615247,4
127013,5
13064242,3
49195,5
2520470,4
8648584,3
548,6
1501,6
1306,6
364231,5
1190778,4
15865,5
24593,5
527,6
252371,5
2692,6
2779583,4
796863,4
1414210,4
86705,5
2023,6
827492,4
6542791,3
14081,5
105774001,2
13425,5
512,7
20858,5
14010,5
24061727,2
112287,5
51321404,2
375,7
2209485,4
4734703,3
14384,5
41152,5
1617543,4
254161,5
9952,6
376737587,0
55741,5
57,8
105646,5
5108,6
364,7
60528607,2
34604,5
92378,5
79503,5
7188646,3
18679,5
2031631,4
1287,6
3345791,4
4366,6
20893,5
354481,5
1043,6
11210,5
30855,5
18617749,3
50870,5
31572,5
1923853,4
58048074,2
243484,5
6258885,3
2076,6
113,7
368936157,0
90,7
6541484,3
17241,5
574572,4
4,10
3276001,4
3305142,4
113,7
80946,5
1401119,4
156610558,1
25,9
14847744,3
16949,5
13857,5
11660,5
14937,5
13071,5
179170,5
11909100,3
0,0
88454,5
7692299,3
31236,5
37524,5
9061,6
1947367,4
53281,5
25149,5
8,10
14729,5
9328,6
1409977,4
1,10
7698425,3
1414210,4
4212,6
111133840,1
101485,5
58,8
13032,5
57,8
9569867,3
41684,5
1730532,4
14219,5
92339095,2
5040,6
4716314,3
143066,5
8771975,3
70730,5
12999,5
41064,5
12591148,3
1414210,4
192,7
3290844,4
10091,6
1234445,4
533,6
181765,5
4187,6
13948,5
1,10
4180624,3
527,6
11617793,3
9308,6
2748468,4
6081558,3
163481,5
2899333,4
4212,6
527,6
20855,5
136842,5
527,6
4020311,4
356710,5
12331678,3
1662,6
2361,6
1,10
653,6
52430248,2
366,7
4897679,3
5259799,3
20350,5
5462319,3
28,8
62552,5
282531,5
841166,4
50,8
527,6
22851,5
10456024,3
4054711,4
129925,5
394,7
5926315,3
6356382,3
3829643,4
871185,4
15800,5
57941000,2
2886399,4
19190,5
2768010,4
3,10
90,7
14459,5
5258473,3
70,8
77171,5
18356545,3
20784,5
9431060,3
53637,5
10407,6
3692762,4
2762840,4
7159183,3
275074,5
35671,5
25956210,2
331,7
0,0
527,6
22767,5
557385,4
815029,4
144828,5
3807544,4
1350629,4
1966928,4
12631,5
87,8
3337391,4
51420,5
1337700,4
4524,6
19979395,3
1441990,4
4403,6
9907,6
202505,5
24705,5
9071523,3
115681732,1
9471,6
36654,5
5575778,3
75993,5
18000327,3
70463,5
9694,6
2432827,4
22830228,2
58,8
23670,5
425958,5
2041,6
9035962,3
2431,6
9582,6
350248,5
4001505,4
10224,6
464,7
2872,6
8183522,3
11052,5
14188,5
10358409,3
4,10
17211,5
16335896,3
376388,5
1175863,4
9740811,3
1794096,4
81450528,2
182344,5
41014,5
50,8
151486,5
1,10
560153,4
419,7
9906,6
79540,5
4902,6
9310,6
1377917,4
5419647,3
3589187,4
232186,5
1327,6
60247,5
1212229,4
850469,4
4038192,4
277500,5
31930867,2
2214796,4
1815124,4
53880,5
8,10
5370939,3
10543142,3
307918,5
803504,4
44311,5
2290706,4
34943,5
540186,4
15800,5
19773,5
288,7
41192,5
19773,5
32730,5
232186,5
10490,6
370,7
44372,5
4877,6
5258473,3
22428,5
36641,5
4204947,3
11586,5
1504908,4
446536,4
51596,5
2462,6
4212,6
12995,5
1090,6
134895,5
1314,6
7528573,3
1346,6
849890,4
813498,4
31358,5
52197248,2
57757515,2
105130,5
335,7
4277,6
4605928,3
6813437,3
11828,5
18134,5
1,10
12144,5
2144,6
4571,6
4390,6
10500,6
11319463,3
33863,5
40542,5
113672,5
385224,5
2135812,4
120262,5
570561,4
168752,5
518,7
36,8
1704798,4
78146059,2
13163,5
37590,5
1786739,4
3,10
10091,6
12936,5
3808281,4
4258618,3
40800,5
1153358,4
14140864,3
64520858,2
113,7
29055,5
10228,6
1,10
4511409,3
9351,6
377373090,0
557,6
21819288,3
33931424,2
4112068,3
38945,5
6791975,3
216,7
148022,5
15904054,3
21366,5
375,7
11036104,3
12957,5
3861535,4
26827,5
2581986,4
8,10
10306,6
409594,5
33727,5
113550,5
4,10
10786,6
80746,5
132694,5
15234,5
174,7
5245,6
278,7
48121,5
4394,6
14324,5
8387364,3
4446956,3
803497,4
3863040,4
120177,5
15279552,3
37045,5
1043,6
1837655,4
859261,4
7133731,3
2023,6
2583487,4
1800661,4
4,10
579630,4
152022,5
565586,4
12731445,3
178633,5
10194,6
23689,5
2023,6
38558,5
119372,5
12144,5
2813862,4
15800,5
16927,5
4437132,3
377,7
43618,5
67629,5
16949,5
13064242,3
4245,6
102396,5
50,8
241716,5
10483258,3
252010,5
17434,5
835077,4
798691,4
1152925,4
42631,5
5,10
4553,6
14373,5
6845132,3
70788,5
168579,5
4207888,3
2301618,4
9000,6
4,10
4075832,3
2507,6
12478,5
468,7
166,7
4399,6
5133047,3
6046116,3
1284093,4
35341426,2
1414210,4
599,6
21871,5
16316299,3
18404517,3
263704,5
1192475,4
22584,5
527,6
28,8
36,8
1671853,4
142413,5
12144,5
1444872,4
6818925,3
11760,5
233206,5
244461,5
646,6
4430312,3
53318059,2
4640,6
7327732,3
58601,5
28658375,2
68,8
374520953,0
9657,6
11811674,3
620336,4
31786250,2
186379,5
15920,5
208259,5
443818,4
11459506,3
7703467,3
18748,5
71834,5
391748,5
418871,5
149562,5
2836986,4
1361477,4
527,6
52961552,2
1768205,4
350643,5
23531,5
10888,6
154362,5
9061,6
63284,5
71440092,2
4869317,3
163,7
33,8
6605034,3
131576,5
302,7
377280643,0
129582,5
527,6
9061,6
527,6
2046,6
9952,6
123,7
527,6
17725367,3
35980,5
4437132,3
13857,5
102648,5
5878791,3
26869,5
3,10
0,0
43153,5
9295,6
351417,5
803,6
871,6
532,6
18215,5
2402,6
13491,5
45064,5
49383311,2
115049,5
4694,6
18345,5
1160617,4
178043,5
417,7
77849,5
53494,5
372170820,0
68,8
2041,6
352396,5
748,6
645,6
74329242,2
123507804,1
0,0
527,6
15213,5
105154,5
4536,6
216936,5
373723186,0
81274847,2
10890,6
32842,5
2431,6
9642,6
1758983,4
718580,4
1414210,4
1337850,4
13304907,3
62838,5
1165,6
19880942,3
4601,6
14726111,3
677,6
107299,5
2227194,4
2116,6
1150178,4
112149,5
1043,6
96,7
11276735,3
13134,5
28,8
9657,6
34690050,2
70,8
366142,5
18062,5
367464,5
4743,6
54114,5
108196,5
864418,4
28375,5
66,8
845905,4
60023406,2
13166,5
36366,5
1389,6
31718221,2
10192715,3
3765922,4
16593465,3
24593,5
6212903,3
89,7
21646438,3
53301,5
152705,5
11305,5
1385,6
4888,6
80,8
1704384,4
14176,5
168,7
1423732,4
120197,5
1697135,4
82532,5
29118,5
146088,5
4201,6
422717,5
15800,5
10234,6
26762,5
32650855,2
2610922,4
175008,5
1763466,4
86585,5
754,6
17739837,3
228124,5
24992,5
22534,5
161253441,1
71,8
9171,6
26494,5
221002,5
1,10
2295721,4
15319,5
216,7
2575534,4
2571794,4
200,7
39443,5
12468,5
2409,6
448,7
207,7
4080189,3
207,7
1256281,4
75060,5
4345593,3
133339,5
10345730,3
4,10
282,7
0,0
9577325,3
1264967,4
268059,5
21871,5
13063,5
73163,5
1846469,4
6247769,3
40278442,2
33559020,2
2843747,4
23805903,2
457531,4
7537471,3
1123619,4
803,6
0,0
143521,5
1983935,4
188977,5
162101,5
12431,5
1361556,4
128563,5
28,8
4282,6
66,8
50,8
227206,5
4737426,3
840807,4
527,6
71,8
11599518,3
60873,5
4423,6
129359,5
1132414,4
73679609,2
16949,5
653,6
15224,5
3304685,4
2231,6
1126387,4
527,6
114568,5
32561,5
66,8
1525,6
2321178,4
192,7
10779,6
792096,4
4888,6
10204689,3
232186,5
5177917,3
2891,6
235,7
78423,5
816,6
3,10
9891181,3
9094,6
1493567,4
668,6
21080,5
4888,6
87,8
525804,4
118072608,1
41595,5
275,7
12144,5
1774898,4
808071,4
181,7
527,6
79584,5
37553378,2
17366,5
55347149,2
28467,5
4553,6
59242909,2
15526,5
415991,5
1450517,4
5001,6
10427,6
118782,5
80535,5
11597,5
45,8
122615,5
1370941,4
45441,5
2176638,4
81579,5
117192844,1
15800,5
179,7
4,10
11429,5
2355784,4
177276,5
59310,5
2116,6
77560,5
683,6
954,6
59102131,2
223421,5
43914,5
246644,5
50,8
881974,4
2891,6
505686,4
223087,5
1971,6
19519,5
1357412,4
1827111,4
0,0
1297,6
22376,5
13235,5
29337,5
11276534,3
19854,5
2041,6
0,0
364828,5
259,7
220980,5
4149,6
1200751,4
5883611,3
21795194,3
1638,6
7097938,3
128719,5
5765372,3
66156,5
53618290,2
1153942,4
61220686,2
15800,5
2679515,4
1419566,4
10746,6
7639211,3
30535,5
16949,5
4257,6
53037,5
1476032,4
8,10
1043,6
138608193,1
0,0
155364304,1
38973,5
14810,5
347682,5
15234,5
575839,4
2864,6
9171,6
166,7
62552,5
527,6
124005,5
659841,4
527,6
94802635,2
9189,6
57471,5
17574,5
505,7
527,6
71546,5
853242,4
527,6
820353,4
18324410,3
98415,5
523719,4
176703,5
13448,5
1250541,4
17617,5
1548422,4
748,6
1412034,4
72182,5
1214717,4
440924,4
5193986,3
133175,5
59344,5
2303,6
32139,5
273685,5
1047,6
11398,5
45089,5
4424,6
9129,6
46513,5
24705,5
2142881,4
9582,6
25056,5
2349872,4
505,7
1482257,4
27413,5
8101115,3
5762168,3
4917,6
128833,5
1056,6
10602695,3
1414210,4
25030835,2
1414210,4
4899,6
4629,6
11882,5
31266,5
70052,5
9347321,3
8307226,3
18505,5
848464,4
1161132,4
27587,5
2992522,4
41228,5
19117,5
49626,5
575839,4
180790,5
6056819,3
139,7
53637,5
188977,5
218073,5
232186,5
1244264,4
25743,5
5669178,3
99189,5
77876,5
1127371,4
38051034,2
525487,4
425,7
57,8
1198589,4
24705,5
73011,5
527,6
527,6
16312,5
1900321,4
60247,5
99712,5
75121,5
5908717,3
9011,6
1205286,4
802316,4
2712,6
17580,5
33699603,2
105474522,2
13259,5
0,0
4744,6
161228,5
6299541,3
16639,5
371701495,0
1749,6
39867,5
15066850,3
9283207,3
10091,6
15357,5
11587747,3
21547,5
376,7
148140,5
56616191,2
282,7
5011414,3
808071,4
4179754,3
15294845,3
1280142,4
4118941,3
39195,5
12602554,3
1214497,4
4498,6
6884653,3
1183922,4
1895635,4
21916,5
262395,5
2981324,4
0,0
75115,5
3,10
2394,6
413,7
241730,5
722,6
32700,5
1414210,4
1499137,4
11224,5
835585,4
4437132,3
373971415,0
219949,5
5,10
2410,6
4553753,3
68,8
1120008,4
2265302,4
143383,5
3924835,4
9952,6
21933,5
2455,6
0,0
12144,5
27430,5
1449499,4
209,7
0,0
4501,6
14672,5
0,0
261186,5
527,6
103701529,2
8218302,3
1,10
12144,5
40,8
1419653,4
371175291,0
1,10
827431,4
5203886,3
81,8
527,6
6396640,3
2023,6
362,7
87,8
1127809,4
527,6
60110,5
13226,5
263271,5
909,6
61147199,2
40292,5
30087,5
126393,5
1030886,4
161266,5
413,7
1782869,4
41974,5
113,7
1731,6
804749,4
75659,5
5250986,3
65814661,2
20604133,3
116920,5
52847,5
810094,4
232186,5
152,7
18501313,3
1288287,4
5,10
0,0
233477,5
4771,6
37792,5
9271,6
20365779,3
388,7
436,7
4623554,3
19253026,3
3,10
16052,5
23483,5
170839,5
68,8
32077,5
9630,6
844446,4
10689,6
2733649,4
10004,6
407456,5
383,7
673,6
56,8
10413,6
95246,5
12531623,3
30,8
94818,5
143521,5
1682046,4
13444728,3
4,10
14633706,3
12144,5
17408,5
535040,4
377554625,0
31837,5
948,6
595155,4
130432,5
1125524,4
26038,5
14237,5
17522660,3
8401755,3
527,6
6670254,3
2437,6
64252,5
140757,5
23740491,2
1446673,4
91159,5
33355527,2
586559,4
24183703,2
1223,6
15800,5
6288417,3
904,6
23565,5
1527545,4
259060,5
23072886,2
47470664,2
1066,6
3036009,4
850441,4
11815,5
207,7
92335,5
70871,5
3135,6
20932,5
8924183,3
1125365,4
243574,5
232186,5
1638,6
1854697,4
1611002,4
20759,5
377,7
17519476,3
5,10
11365,5
19125070,3
157163,5
1055,6
856628,4
186831035,1
324,7
2876089,4
4,10
4417077,3
9100,6
12144,5
53045599,2
216778993,0
38007653,2
117416381,1
217979,5
12144,5
21460849,3
5240757,3
1199518,4
472534,4
38415,5
112287,5
14301,5
23417,5
450,7
185141,5
799966,4
805076,4
87,8
37720,5
20481,5
1460739,4
3,10
1676021,4
1465669,4
15776,5
13985944,3
0,0
1183781,4
2962002,4
9686,6
96379,5
238,7
4064897,4
15062542,3
48217177,2
22457,5
512515,4
15308232,3
533,6
1223,6
50,8
146344,5
5121285,3
1226299,4
14117,5
1457,6
53570497,2
3755636,4
269037,5
226743,5
36132284,2
15,9
50541,5
383,7
84213,5
102396,5
61923,5
2627412,4
1859328,4
92137,5
144120,5
400,7
23491746,2
821324,4
16399479,3
17175,5
36361,5
2240612,4
121906134,1
1048,6
16949,5
805456,4
11457,5
4,10
527,6
12144,5
3973853,4
70805,5
20944,5
52610150,2
26092317,2
1080,6
366,7
13029386,3
342,7
13825,5
26306,5
1757019,4
90743,5
21324,5
12468,5
51139,5
50742,5
50,8
259602,5
53017,5
4,10
68739,5
1501,6
288,7
4888,6
140757,5
59794,5
9986,6
8534981,3
9279,6
11232719,3
1346555,4
9295,6
50,8
2462,6
4,10
32609,5
11276,5
39867,5
814973,4
237151,5
2023,6
21547,5
4068241,3
10039,6
21526,5
1201353,4
12144,5
183,7
527,6
87610814,2
40,8
9704822,3
12216046,3
4621,6
9699,6
60249229,2
29796,5
1212806,4
20502242,3
47102,5
26855,5
16685160,3
22823428,2
4888,6
19200,5
10958053,3
4349857,3
2462,6
1225679,4
1373950,4
150317601,1
12437,5
2455,6
2289714,4
10476,6
343655,5
496011,4
43089,5
80,8
10511,6
32077,5
1783,6
527,6
2288278,4
0,0
168,7
527,6
17091,5
409395,5
2628763,4
110,7
434394,4
26374,5
2753882,4
13852,5
476,7
13003,5
49160201,2
5899661,3
1728595,4
1219990,4
376,7
28159,5
232186,5
72771,5
21888,5
21854,5
15046,5
8563953,3
16458,5
29690,5
4654,6
6432724,3
171564,5
4601,6
2778995,4
10013060,3
4131012,3
6274391,3
144170,5
12144,5
4,10
8,10
187385,5
988387,4
404,7
15112,5
1401430,4
3086008,4
2361,6
613312,4
344,7
1747,6
3720440,4
111685477,1
7345333,3
11109,5
7075993,3
174874,5
3608722,4
174224,5
83574599,2
